Year (coverage),Source Folder,Source File,Area,Risk-assessed Population,With history of smoking (Female),With history of smoking (Male),Binge Drinkers (Female),Binge Drinkers (Male),With Insufficient Physical Activity (Female),With Insufficient Physical Activity (Male),Consumed Unhealthy Diet (Female),Consumed Unhealthy Diet (Male),Overweight (Female),Overweight (Male),Obese (Female),Obese (Male)
1st Quarter 2025,NCD2024-Q1,C:\DATABASES\NCD2024-Q1\NCD\1c. Risk Factors AD.xlsx,NCR,377435,2173,4282,8195,8556,4345,2535,4134,2526,13379,8219,2333,1416
1st Quarter 2025,NCD2024-Q1,C:\DATABASES\NCD2024-Q1\NCD\1c. Risk Factors AD.xlsx,City of Malabon,10674,0,0,0,0,0,0,0,0,0,0,0,0
1st Quarter 2025,NCD2024-Q1,C:\DATABASES\NCD2024-Q1\NCD\1c. Risk Factors AD.xlsx,City of Navotas,6904,327,436,498,402,1447,888,1244,839,1833,805,767,449
1st Quarter 2025,NCD2024-Q1,C:\DATABASES\NCD2024-Q1\NCD\1c. Risk Factors AD.xlsx,City of Valenzuela,29323,0,0,0,0,0,0,0,0,0,0,0,0
1st Quarter 2025,NCD2024-Q1,C:\DATABASES\NCD2024-Q1\NCD\1c. Risk Factors AD.xlsx,City of Caloocan,45883,0,0,0,0,0,0,0,0,0,0,0,0
1st Quarter 2025,NCD2024-Q1,C:\DATABASES\NCD2024-Q1\NCD\1c. Risk Factors AD.xlsx,City of Marikina,2160,124,214,133,166,442,170,409,172,170,69,229,91
1st Quarter 2025,NCD2024-Q1,C:\DATABASES\NCD2024-Q1\NCD\1c. Risk Factors AD.xlsx,City of Pasig,23948,875,1636,2299,2716,0,0,0,0,5086,3855,0,0
1st Quarter 2025,NCD2024-Q1,C:\DATABASES\NCD2024-Q1\NCD\1c. Risk Factors AD.xlsx,Pateros,2292,0,0,0,0,0,0,0,0,0,0,0,0
1st Quarter 2025,NCD2024-Q1,C:\DATABASES\NCD2024-Q1\NCD\1c. Risk Factors AD.xlsx,City of Taguig,53826,0,0,0,0,0,0,0,0,0,0,0,0
1st Quarter 2025,NCD2024-Q1,C:\DATABASES\NCD2024-Q1\NCD\1c. Risk Factors AD.xlsx,Quezon City,87366,0,0,3671,3324,0,0,0,0,0,0,0,0
1st Quarter 2025,NCD2024-Q1,C:\DATABASES\NCD2024-Q1\NCD\1c. Risk Factors AD.xlsx,City of Makati,7107,0,339,0,0,0,0,0,0,0,0,0,0
1st Quarter 2025,NCD2024-Q1,C:\DATABASES\NCD2024-Q1\NCD\1c. Risk Factors AD.xlsx,City of Mandaluyong,14234,397,763,662,824,467,215,434,262,4173,2261,225,100
1st Quarter 2025,NCD2024-Q1,C:\DATABASES\NCD2024-Q1\NCD\1c. Risk Factors AD.xlsx,City of San Juan,3575,0,0,0,0,0,0,0,0,0,0,0,0
1st Quarter 2025,NCD2024-Q1,C:\DATABASES\NCD2024-Q1\NCD\1c. Risk Factors AD.xlsx,City of Manila,45081,0,0,0,0,0,0,0,0,0,0,0,0
1st Quarter 2025,NCD2024-Q1,C:\DATABASES\NCD2024-Q1\NCD\1c. Risk Factors AD.xlsx,City of Las Piñas,11326,450,894,932,1124,1989,1262,2047,1253,2117,1229,1112,776
1st Quarter 2025,NCD2024-Q1,C:\DATABASES\NCD2024-Q1\NCD\1c. Risk Factors AD.xlsx,City of Muntinlupa,11062,0,0,0,0,0,0,0,0,0,0,0,0
1st Quarter 2025,NCD2024-Q1,C:\DATABASES\NCD2024-Q1\NCD\1c. Risk Factors AD.xlsx,City of Parañaque,9890,0,0,0,0,0,0,0,0,0,0,0,0
1st Quarter 2025,NCD2024-Q1,C:\DATABASES\NCD2024-Q1\NCD\1c. Risk Factors AD.xlsx,Pasay City,12784,0,0,0,0,0,0,0,0,0,0,0,0
1st Quarter 2025,NCD2024-Q1,C:\DATABASES\NCD2024-Q1\NCD\1c. Risk Factors AD.xlsx,CAR,100405,1707,6037,3033,9948,0,0,0,0,17765,9601,17765,9601
1st Quarter 2025,NCD2024-Q1,C:\DATABASES\NCD2024-Q1\NCD\1c. Risk Factors AD.xlsx,Abra,13937,430,1251,630,1548,0,0,0,0,1191,702,1191,702
1st Quarter 2025,NCD2024-Q1,C:\DATABASES\NCD2024-Q1\NCD\1c. Risk Factors AD.xlsx,Apayao,7670,125,443,190,682,0,0,0,0,1139,418,1139,418
1st Quarter 2025,NCD2024-Q1,C:\DATABASES\NCD2024-Q1\NCD\1c. Risk Factors AD.xlsx,Benguet,18665,260,796,632,1401,0,0,0,0,4004,2182,4004,2182
1st Quarter 2025,NCD2024-Q1,C:\DATABASES\NCD2024-Q1\NCD\1c. Risk Factors AD.xlsx,Ifugao,11678,180,280,485,1084,0,0,0,0,2212,1188,2212,1188
1st Quarter 2025,NCD2024-Q1,C:\DATABASES\NCD2024-Q1\NCD\1c. Risk Factors AD.xlsx,Kalinga,19176,409,2056,430,3018,0,0,0,0,2635,2490,2635,2490
1st Quarter 2025,NCD2024-Q1,C:\DATABASES\NCD2024-Q1\NCD\1c. Risk Factors AD.xlsx,Mountain Province,19819,46,736,87,1508,0,0,0,0,2415,1149,2415,1149
1st Quarter 2025,NCD2024-Q1,C:\DATABASES\NCD2024-Q1\NCD\1c. Risk Factors AD.xlsx,City of Baguio,9460,257,475,579,707,0,0,0,0,4169,1472,4169,1472
1st Quarter 2025,NCD2024-Q1,C:\DATABASES\NCD2024-Q1\NCD\1c. Risk Factors AD.xlsx,Region 1,109357,4770,18725,6585,19349,0,0,0,0,18409,13672,0,0
1st Quarter 2025,NCD2024-Q1,C:\DATABASES\NCD2024-Q1\NCD\1c. Risk Factors AD.xlsx,Ilocos Norte,18535,260,975,168,630,0,0,0,0,992,795,0,0
1st Quarter 2025,NCD2024-Q1,C:\DATABASES\NCD2024-Q1\NCD\1c. Risk Factors AD.xlsx,Ilocos Sur,48864,821,3420,738,1746,0,0,0,0,6357,3982,0,0
1st Quarter 2025,NCD2024-Q1,C:\DATABASES\NCD2024-Q1\NCD\1c. Risk Factors AD.xlsx,La Union,36594,794,3113,1671,4609,0,0,0,0,5259,4599,0,0
1st Quarter 2025,NCD2024-Q1,C:\DATABASES\NCD2024-Q1\NCD\1c. Risk Factors AD.xlsx,Pangasinan,1,1,1,1,1,0,0,0,0,1,1,0,0
1st Quarter 2025,NCD2024-Q1,C:\DATABASES\NCD2024-Q1\NCD\1c. Risk Factors AD.xlsx,City of Dagupan,5364,127,409,421,641,0,0,0,0,183,200,0,0
1st Quarter 2025,NCD2024-Q1,C:\DATABASES\NCD2024-Q1\NCD\1c. Risk Factors AD.xlsx,Region 2,287179,6379,23817,7965,27675,17152,16607,24477,20548,16605,12640,4854,3503
1st Quarter 2025,NCD2024-Q1,C:\DATABASES\NCD2024-Q1\NCD\1c. Risk Factors AD.xlsx,Batanes,2046,48,206,248,216,210,129,339,207,103,70,241,156
1st Quarter 2025,NCD2024-Q1,C:\DATABASES\NCD2024-Q1\NCD\1c. Risk Factors AD.xlsx,Cagayan,70623,2586,9124,2541,10291,4418,3486,6513,5102,5995,4649,1778,1062
1st Quarter 2025,NCD2024-Q1,C:\DATABASES\NCD2024-Q1\NCD\1c. Risk Factors AD.xlsx,Isabela,148126,2360,9552,3327,11082,10349,10912,14194,12098,7422,5483,2357,1934
1st Quarter 2025,NCD2024-Q1,C:\DATABASES\NCD2024-Q1\NCD\1c. Risk Factors AD.xlsx,Nueva Vizcaya,25583,477,926,422,865,449,401,504,414,901,624,134,67
1st Quarter 2025,NCD2024-Q1,C:\DATABASES\NCD2024-Q1\NCD\1c. Risk Factors AD.xlsx,Quirino,16546,342,1189,371,1404,958,694,1367,940,954,686,203,108
1st Quarter 2025,NCD2024-Q1,C:\DATABASES\NCD2024-Q1\NCD\1c. Risk Factors AD.xlsx,City of Santiago,24255,566,2820,1056,3817,768,985,1560,1787,1230,1128,141,176
1st Quarter 2025,NCD2024-Q1,C:\DATABASES\NCD2024-Q1\NCD\1c. Risk Factors AD.xlsx,Region 3,832478,26032,75743,38839,85378,17887,15477,19696,17829,47212,37013,9228,7832
1st Quarter 2025,NCD2024-Q1,C:\DATABASES\NCD2024-Q1\NCD\1c. Risk Factors AD.xlsx,Aurora,13483,334,1338,1187,2082,770,615,1141,887,586,549,550,391
1st Quarter 2025,NCD2024-Q1,C:\DATABASES\NCD2024-Q1\NCD\1c. Risk Factors AD.xlsx,Bataan,68689,905,4198,1044,2915,165,180,159,177,4534,2566,22,24
1st Quarter 2025,NCD2024-Q1,C:\DATABASES\NCD2024-Q1\NCD\1c. Risk Factors AD.xlsx,Bulacan,316070,10861,31297,20002,40220,9169,7912,11666,10516,25605,20910,6802,5959
1st Quarter 2025,NCD2024-Q1,C:\DATABASES\NCD2024-Q1\NCD\1c. Risk Factors AD.xlsx,Nueva Ecija,139373,5288,17980,6948,19940,3226,3141,3499,3848,7673,6534,1408,1120
1st Quarter 2025,NCD2024-Q1,C:\DATABASES\NCD2024-Q1\NCD\1c. Risk Factors AD.xlsx,Pampanga,104648,2692,8771,3230,8420,4196,3214,2903,2074,1895,1523,26,56
1st Quarter 2025,NCD2024-Q1,C:\DATABASES\NCD2024-Q1\NCD\1c. Risk Factors AD.xlsx,Tarlac,107773,3605,7047,2908,6187,361,415,328,327,4628,3435,87,71
1st Quarter 2025,NCD2024-Q1,C:\DATABASES\NCD2024-Q1\NCD\1c. Risk Factors AD.xlsx,Zambales,54706,1097,2913,1624,3165,0,0,0,0,1217,838,103,89
1st Quarter 2025,NCD2024-Q1,C:\DATABASES\NCD2024-Q1\NCD\1c. Risk Factors AD.xlsx,City of Angeles,16251,1007,1603,1263,1608,0,0,0,0,824,494,230,122
1st Quarter 2025,NCD2024-Q1,C:\DATABASES\NCD2024-Q1\NCD\1c. Risk Factors AD.xlsx,City of Olongapo,11485,243,596,633,841,0,0,0,0,250,164,0,0
1st Quarter 2025,NCD2024-Q1,C:\DATABASES\NCD2024-Q1\NCD\1c. Risk Factors AD.xlsx,Region 4A,557262,16514,63723,37436,75834,0,0,0,0,85270,48081,0,0
1st Quarter 2025,NCD2024-Q1,C:\DATABASES\NCD2024-Q1\NCD\1c. Risk Factors AD.xlsx,Batangas,201302,5879,33927,10695,37175,0,0,0,0,30710,22556,0,0
1st Quarter 2025,NCD2024-Q1,C:\DATABASES\NCD2024-Q1\NCD\1c. Risk Factors AD.xlsx,Cavite,138180,3831,10677,8375,15225,0,0,0,0,23472,9820,0,0
1st Quarter 2025,NCD2024-Q1,C:\DATABASES\NCD2024-Q1\NCD\1c. Risk Factors AD.xlsx,Laguna,80792,1872,6314,3080,6959,0,0,0,0,8995,5608,0,0
1st Quarter 2025,NCD2024-Q1,C:\DATABASES\NCD2024-Q1\NCD\1c. Risk Factors AD.xlsx,Quezon,50062,1455,5225,6972,6797,0,0,0,0,8114,3392,0,0
1st Quarter 2025,NCD2024-Q1,C:\DATABASES\NCD2024-Q1\NCD\1c. Risk Factors AD.xlsx,Rizal,70245,2776,6303,7239,8027,0,0,0,0,11492,4866,0,0
1st Quarter 2025,NCD2024-Q1,C:\DATABASES\NCD2024-Q1\NCD\1c. Risk Factors AD.xlsx,City of Lucena,16681,701,1277,1075,1651,0,0,0,0,2487,1839,0,0
1st Quarter 2025,NCD2024-Q1,C:\DATABASES\NCD2024-Q1\NCD\1c. Risk Factors AD.xlsx,Region 4B,64371,3634,11964,6102,14114,2335,2399,2944,2385,8118,4982,4431,2516
1st Quarter 2025,NCD2024-Q1,C:\DATABASES\NCD2024-Q1\NCD\1c. Risk Factors AD.xlsx,Marinduque,2757,9,80,30,107,0,0,2,0,0,0,13,2
1st Quarter 2025,NCD2024-Q1,C:\DATABASES\NCD2024-Q1\NCD\1c. Risk Factors AD.xlsx,Occidental Mindoro,10588,528,3422,1028,4017,939,702,1158,688,852,475,282,189
1st Quarter 2025,NCD2024-Q1,C:\DATABASES\NCD2024-Q1\NCD\1c. Risk Factors AD.xlsx,Oriental Mindoro,27169,1913,5036,2787,6194,1067,1362,1352,1322,3455,2703,2381,1563
1st Quarter 2025,NCD2024-Q1,C:\DATABASES\NCD2024-Q1\NCD\1c. Risk Factors AD.xlsx,Palawan,15792,756,2174,926,2237,311,306,350,331,945,528,830,474
1st Quarter 2025,NCD2024-Q1,C:\DATABASES\NCD2024-Q1\NCD\1c. Risk Factors AD.xlsx,Romblon,4140,153,358,450,630,18,29,82,44,1046,449,250,97
1st Quarter 2025,NCD2024-Q1,C:\DATABASES\NCD2024-Q1\NCD\1c. Risk Factors AD.xlsx,City of Puerto Princesa,3925,275,894,881,929,0,0,0,0,1820,827,675,191
1st Quarter 2025,NCD2024-Q1,C:\DATABASES\NCD2024-Q1\NCD\1c. Risk Factors AD.xlsx,Region 5,187803,4740,25593,12329,25186,15101,10053,7436,4538,27568,22077,2244,981
1st Quarter 2025,NCD2024-Q1,C:\DATABASES\NCD2024-Q1\NCD\1c. Risk Factors AD.xlsx,Albay,25141,404,1192,200,703,492,352,493,385,702,478,301,185
1st Quarter 2025,NCD2024-Q1,C:\DATABASES\NCD2024-Q1\NCD\1c. Risk Factors AD.xlsx,Camarines Norte,14643,329,1909,841,1400,134,54,173,63,1629,1132,784,153
1st Quarter 2025,NCD2024-Q1,C:\DATABASES\NCD2024-Q1\NCD\1c. Risk Factors AD.xlsx,Camarines Sur,72298,1577,8483,4068,7346,7797,4771,6651,3992,8355,4877,1093,617
1st Quarter 2025,NCD2024-Q1,C:\DATABASES\NCD2024-Q1\NCD\1c. Risk Factors AD.xlsx,Catanduanes,16109,497,3966,3074,5751,6595,4826,0,0,6595,4826,0,0
1st Quarter 2025,NCD2024-Q1,C:\DATABASES\NCD2024-Q1\NCD\1c. Risk Factors AD.xlsx,Masbate,18092,1202,5289,2174,5322,0,0,0,0,3363,7039,0,0
1st Quarter 2025,NCD2024-Q1,C:\DATABASES\NCD2024-Q1\NCD\1c. Risk Factors AD.xlsx,Sorsogon,39336,688,4514,1855,4424,0,0,0,0,6605,3588,0,0
1st Quarter 2025,NCD2024-Q1,C:\DATABASES\NCD2024-Q1\NCD\1c. Risk Factors AD.xlsx,City of Naga,2184,43,240,117,240,83,50,119,98,319,137,66,26
1st Quarter 2025,NCD2024-Q1,C:\DATABASES\NCD2024-Q1\NCD\1c. Risk Factors AD.xlsx,Region 6,317987,7167,25791,8469,28032,110,77,712,547,10586,8217,197,153
1st Quarter 2025,NCD2024-Q1,C:\DATABASES\NCD2024-Q1\NCD\1c. Risk Factors AD.xlsx,Aklan,8307,106,390,301,414,76,45,178,148,766,386,9,1
1st Quarter 2025,NCD2024-Q1,C:\DATABASES\NCD2024-Q1\NCD\1c. Risk Factors AD.xlsx,Antique,32856,598,3314,638,3668,0,0,0,0,1516,923,0,0
1st Quarter 2025,NCD2024-Q1,C:\DATABASES\NCD2024-Q1\NCD\1c. Risk Factors AD.xlsx,Capiz,54278,546,4558,1150,4856,0,0,0,0,935,654,0,0
1st Quarter 2025,NCD2024-Q1,C:\DATABASES\NCD2024-Q1\NCD\1c. Risk Factors AD.xlsx,Guimaras,96392,182,2058,83,1061,34,32,534,399,2406,1560,188,152
1st Quarter 2025,NCD2024-Q1,C:\DATABASES\NCD2024-Q1\NCD\1c. Risk Factors AD.xlsx,Iloilo,96392,5330,14437,5789,16941,0,0,0,0,4058,4105,0,0
1st Quarter 2025,NCD2024-Q1,C:\DATABASES\NCD2024-Q1\NCD\1c. Risk Factors AD.xlsx,City of Iloilo,29762,405,1034,508,1092,0,0,0,0,905,589,0,0
1st Quarter 2025,NCD2024-Q1,C:\DATABASES\NCD2024-Q1\NCD\1c. Risk Factors AD.xlsx,Region 7,196858,9387,37426,30846,58872,29915,24824,35231,27276,41731,26885,21101,15526
1st Quarter 2025,NCD2024-Q1,C:\DATABASES\NCD2024-Q1\NCD\1c. Risk Factors AD.xlsx,Bohol,31058,4717,18753,15444,29484,14988,12442,17634,13665,20880,13459,10569,7776
1st Quarter 2025,NCD2024-Q1,C:\DATABASES\NCD2024-Q1\NCD\1c. Risk Factors AD.xlsx,Cebu,116620,702,2263,2130,3666,1765,1143,2117,1447,3224,2005,893,541
1st Quarter 2025,NCD2024-Q1,C:\DATABASES\NCD2024-Q1\NCD\1c. Risk Factors AD.xlsx,City of Cebu,23574,3250,14258,11350,22773,11101,9963,12769,10754,14060,9451,9183,6908
1st Quarter 2025,NCD2024-Q1,C:\DATABASES\NCD2024-Q1\NCD\1c. Risk Factors AD.xlsx,City of Lapu-Lapu,16821,624,1740,1677,2420,737,454,1362,618,3195,1790,366,223
1st Quarter 2025,NCD2024-Q1,C:\DATABASES\NCD2024-Q1\NCD\1c. Risk Factors AD.xlsx,City of Mandaue,8785,94,412,245,529,1324,822,1349,792,372,180,90,78
1st Quarter 2025,NCD2024-Q1,C:\DATABASES\NCD2024-Q1\NCD\1c. Risk Factors AD.xlsx,Region 8,148921,6281,16128,14085,20779,331,220,337,221,12931,8890,56,58
1st Quarter 2025,NCD2024-Q1,C:\DATABASES\NCD2024-Q1\NCD\1c. Risk Factors AD.xlsx,Biliran,5099,157,383,614,657,331,220,337,221,563,298,56,58
1st Quarter 2025,NCD2024-Q1,C:\DATABASES\NCD2024-Q1\NCD\1c. Risk Factors AD.xlsx,Eastern Samar,16319,107,698,1701,1904,0,0,0,0,854,592,0,0
1st Quarter 2025,NCD2024-Q1,C:\DATABASES\NCD2024-Q1\NCD\1c. Risk Factors AD.xlsx,Leyte,31568,1182,4309,2882,3845,0,0,0,0,2087,1140,0,0
1st Quarter 2025,NCD2024-Q1,C:\DATABASES\NCD2024-Q1\NCD\1c. Risk Factors AD.xlsx,Northern Samar,16914,465,1701,1380,2245,0,0,0,0,2362,1256,0,0
1st Quarter 2025,NCD2024-Q1,C:\DATABASES\NCD2024-Q1\NCD\1c. Risk Factors AD.xlsx,Southern Leyte,33621,1143,4033,2712,6017,0,0,0,0,4827,3952,0,0
1st Quarter 2025,NCD2024-Q1,C:\DATABASES\NCD2024-Q1\NCD\1c. Risk Factors AD.xlsx,Samar,20700,2636,3666,2733,3770,0,0,0,0,1202,695,0,0
1st Quarter 2025,NCD2024-Q1,C:\DATABASES\NCD2024-Q1\NCD\1c. Risk Factors AD.xlsx,Ormoc City,7112,76,217,355,600,0,0,0,0,662,730,0,0
1st Quarter 2025,NCD2024-Q1,C:\DATABASES\NCD2024-Q1\NCD\1c. Risk Factors AD.xlsx,City of Tacloban,17588,515,1121,1708,1741,0,0,0,0,374,227,0,0
1st Quarter 2025,NCD2024-Q1,C:\DATABASES\NCD2024-Q1\NCD\1c. Risk Factors AD.xlsx,Region 9,110102,2843,14201,3388,11450,2220,1587,6108,4063,5483,3356,972,770
1st Quarter 2025,NCD2024-Q1,C:\DATABASES\NCD2024-Q1\NCD\1c. Risk Factors AD.xlsx,Zamboanga del Norte,23556,740,3045,811,2509,1088,766,1681,1335,610,349,278,203
1st Quarter 2025,NCD2024-Q1,C:\DATABASES\NCD2024-Q1\NCD\1c. Risk Factors AD.xlsx,Zamboanga del Sur,35007,872,5085,1288,4386,789,572,1834,1064,1805,1207,215,97
1st Quarter 2025,NCD2024-Q1,C:\DATABASES\NCD2024-Q1\NCD\1c. Risk Factors AD.xlsx,Zamboanga Sibugay,33079,698,3880,912,3154,343,249,716,657,1191,793,479,470
1st Quarter 2025,NCD2024-Q1,C:\DATABASES\NCD2024-Q1\NCD\1c. Risk Factors AD.xlsx,City of Isabela,6855,164,833,134,467,0,0,740,477,740,477,0,0
1st Quarter 2025,NCD2024-Q1,C:\DATABASES\NCD2024-Q1\NCD\1c. Risk Factors AD.xlsx,City of Zamboanga,11605,369,1358,243,934,0,0,1137,530,1137,530,0,0
1st Quarter 2025,NCD2024-Q1,C:\DATABASES\NCD2024-Q1\NCD\1c. Risk Factors AD.xlsx,Region 10,130229,0,0,6493,16293,0,0,0,0,0,0,0,0
1st Quarter 2025,NCD2024-Q1,C:\DATABASES\NCD2024-Q1\NCD\1c. Risk Factors AD.xlsx,Bukidnon,41506,0,0,2856,7978,0,0,0,0,0,0,0,0
1st Quarter 2025,NCD2024-Q1,C:\DATABASES\NCD2024-Q1\NCD\1c. Risk Factors AD.xlsx,Camiguin,3928,0,0,168,365,0,0,0,0,0,0,0,0
1st Quarter 2025,NCD2024-Q1,C:\DATABASES\NCD2024-Q1\NCD\1c. Risk Factors AD.xlsx,Lanao del Norte,20862,0,0,785,1806,0,0,0,0,0,0,0,0
1st Quarter 2025,NCD2024-Q1,C:\DATABASES\NCD2024-Q1\NCD\1c. Risk Factors AD.xlsx,Misamis Occidental,15966,0,0,633,1469,0,0,0,0,0,0,0,0
1st Quarter 2025,NCD2024-Q1,C:\DATABASES\NCD2024-Q1\NCD\1c. Risk Factors AD.xlsx,Misamis Oriental,21669,0,0,0,0,0,0,0,0,0,0,0,0
1st Quarter 2025,NCD2024-Q1,C:\DATABASES\NCD2024-Q1\NCD\1c. Risk Factors AD.xlsx,City of Cagayan De Oro,19669,0,0,1718,4132,0,0,0,0,0,0,0,0
1st Quarter 2025,NCD2024-Q1,C:\DATABASES\NCD2024-Q1\NCD\1c. Risk Factors AD.xlsx,City of Iligan,6629,0,0,333,543,0,0,0,0,0,0,0,0
1st Quarter 2025,NCD2024-Q1,C:\DATABASES\NCD2024-Q1\NCD\1c. Risk Factors AD.xlsx,Region 11,278894,10727,33858,22070,41444,60360,36820,53981,34782,56292,32562,483,374
1st Quarter 2025,NCD2024-Q1,C:\DATABASES\NCD2024-Q1\NCD\1c. Risk Factors AD.xlsx,Davao de Oro,51353,1548,7263,3706,8821,0,0,0,0,14231,8933,0,0
1st Quarter 2025,NCD2024-Q1,C:\DATABASES\NCD2024-Q1\NCD\1c. Risk Factors AD.xlsx,Davao del Norte,71198,1910,9470,5333,12213,15708,9711,16168,9562,18754,12194,0,0
1st Quarter 2025,NCD2024-Q1,C:\DATABASES\NCD2024-Q1\NCD\1c. Risk Factors AD.xlsx,Davao Oriental,31958,1033,5056,3303,6194,8046,5597,7811,7900,354,221,483,374
1st Quarter 2025,NCD2024-Q1,C:\DATABASES\NCD2024-Q1\NCD\1c. Risk Factors AD.xlsx,Davao del Sur,29696,1776,3668,2942,4341,10388,5636,9751,5015,6989,2915,0,0
1st Quarter 2025,NCD2024-Q1,C:\DATABASES\NCD2024-Q1\NCD\1c. Risk Factors AD.xlsx,Davao Occidental,12627,757,2167,751,1685,1774,1140,1588,1676,1953,1047,0,0
1st Quarter 2025,NCD2024-Q1,C:\DATABASES\NCD2024-Q1\NCD\1c. Risk Factors AD.xlsx,City of Davao,82062,3703,6234,6035,8190,24444,14736,18663,10629,14011,7252,0,0
1st Quarter 2025,NCD2024-Q1,C:\DATABASES\NCD2024-Q1\NCD\1c. Risk Factors AD.xlsx,Region 12,161837,2638,20207,3849,19612,0,0,0,0,10000,7001,10087,6692
1st Quarter 2025,NCD2024-Q1,C:\DATABASES\NCD2024-Q1\NCD\1c. Risk Factors AD.xlsx,Cotabato,50629,1222,7300,1523,7262,0,0,0,0,3344,2215,3344,2214
1st Quarter 2025,NCD2024-Q1,C:\DATABASES\NCD2024-Q1\NCD\1c. Risk Factors AD.xlsx,Sarangani,15532,202,1600,240,1157,0,0,0,0,923,560,590,311
1st Quarter 2025,NCD2024-Q1,C:\DATABASES\NCD2024-Q1\NCD\1c. Risk Factors AD.xlsx,South Cotabato,26822,319,2807,499,2611,0,0,0,0,2388,1279,2388,1279
1st Quarter 2025,NCD2024-Q1,C:\DATABASES\NCD2024-Q1\NCD\1c. Risk Factors AD.xlsx,Sultan Kudarat,60648,848,8284,1328,8102,0,0,0,0,2894,2426,2894,2425
1st Quarter 2025,NCD2024-Q1,C:\DATABASES\NCD2024-Q1\NCD\1c. Risk Factors AD.xlsx,City of General Santos,8206,47,216,259,480,0,0,0,0,451,521,871,463
1st Quarter 2025,NCD2024-Q1,C:\DATABASES\NCD2024-Q1\NCD\1c. Risk Factors AD.xlsx,Caraga,111328,3920,15928,9070,17543,9866,5992,12484,8063,14521,8902,4288,2059
1st Quarter 2025,NCD2024-Q1,C:\DATABASES\NCD2024-Q1\NCD\1c. Risk Factors AD.xlsx,Agusan del Norte,19973,505,2180,1446,2570,2382,1267,2921,1666,2399,1429,1276,552
1st Quarter 2025,NCD2024-Q1,C:\DATABASES\NCD2024-Q1\NCD\1c. Risk Factors AD.xlsx,Agusan del Sur,29616,1312,5458,1898,5096,1787,1386,2298,1958,2079,1517,735,431
1st Quarter 2025,NCD2024-Q1,C:\DATABASES\NCD2024-Q1\NCD\1c. Risk Factors AD.xlsx,Surigao del Norte,26038,645,2969,2414,3629,3289,1518,4068,2010,3714,2176,1002,426
1st Quarter 2025,NCD2024-Q1,C:\DATABASES\NCD2024-Q1\NCD\1c. Risk Factors AD.xlsx,Surigao del Sur,17028,850,3514,2195,4121,2408,1821,3197,2429,3218,1874,1275,650
1st Quarter 2025,NCD2024-Q1,C:\DATABASES\NCD2024-Q1\NCD\1c. Risk Factors AD.xlsx,Dinagat Islands,3569,71,417,294,580,0,0,0,0,677,348,0,0
1st Quarter 2025,NCD2024-Q1,C:\DATABASES\NCD2024-Q1\NCD\1c. Risk Factors AD.xlsx,City of Butuan,15104,537,1390,823,1547,0,0,0,0,2434,1558,0,0
1st Quarter 2025,NCD2024-Q1,C:\DATABASES\NCD2024-Q1\NCD\1c. Risk Factors AD.xlsx,BARMM,1,1,1,1,1,1,1,1,1,1,1,1,1
1st Quarter 2025,NCD2024-Q1,C:\DATABASES\NCD2024-Q1\NCD\1c. Risk Factors AD.xlsx,Basilan,1,1,1,1,1,1,1,1,1,1,1,1,1
1st Quarter 2025,NCD2024-Q1,C:\DATABASES\NCD2024-Q1\NCD\1c. Risk Factors AD.xlsx,Lanao del Sur,1,1,1,1,1,0,1,1,1,1,1,1,1
1st Quarter 2025,NCD2024-Q1,C:\DATABASES\NCD2024-Q1\NCD\1c. Risk Factors AD.xlsx,Maguindanao del Norte,1,1,1,1,1,0,0,0,0,1,1,0,0
1st Quarter 2025,NCD2024-Q1,C:\DATABASES\NCD2024-Q1\NCD\1c. Risk Factors AD.xlsx,Maguindanao del Sur,1,1,1,1,1,0,0,0,0,1,1,0,0
1st Quarter 2025,NCD2024-Q1,C:\DATABASES\NCD2024-Q1\NCD\1c. Risk Factors AD.xlsx,Sulu,1,1,1,1,1,0,0,0,0,1,1,0,0
1st Quarter 2025,NCD2024-Q1,C:\DATABASES\NCD2024-Q1\NCD\1c. Risk Factors AD.xlsx,Tawi-Tawi,1,0,1,0,1,1,1,1,1,1,1,1,1
1st Quarter 2025,NCD2024-Q1,C:\DATABASES\NCD2024-Q1\NCD\1c. Risk Factors AD.xlsx,Special Geographic Area (SGA),1,1,1,1,1,1,1,1,1,1,1,1,1
1st Quarter 2025,NCD2024-Q1,C:\DATABASES\NCD2024-Q1\NCD\1c. Risk Factors AD.xlsx,City of Cotabato,1,1,1,1,1,0,0,0,0,1,1,0,0
1st Quarter 2025,NCD2024-Q1,C:\DATABASES\NCD2024-Q1\NCD\1c. Risk Factors AD.xlsx,NIR,130733,4612,20148,7249,21491,2066,1117,0,0,12104,7902,2182,1008
1st Quarter 2025,NCD2024-Q1,C:\DATABASES\NCD2024-Q1\NCD\1c. Risk Factors AD.xlsx,Negros Occidental,90696,3653,16130,4995,16300,0,0,0,0,6680,4915,0,0
1st Quarter 2025,NCD2024-Q1,C:\DATABASES\NCD2024-Q1\NCD\1c. Risk Factors AD.xlsx,Negros Oriental,27911,688,2969,1445,3602,2066,1117,0,0,2800,1693,2182,1008
1st Quarter 2025,NCD2024-Q1,C:\DATABASES\NCD2024-Q1\NCD\1c. Risk Factors AD.xlsx,Siquijor,4655,39,402,366,639,0,0,0,0,679,451,0,0
1st Quarter 2025,NCD2024-Q1,C:\DATABASES\NCD2024-Q1\NCD\1c. Risk Factors AD.xlsx,City of Bacolod,7471,232,647,443,950,0,0,0,0,1945,843,0,0
2nd Quarter 2025,NCD2024-Q2,C:\DATABASES\NCD2024-Q2\NCD\1c. Risk Factors AD.xlsx,NCR,715074,4837,8683,15844,17584,37398,18038,28363,14744,33066,18858,21232,9992
2nd Quarter 2025,NCD2024-Q2,C:\DATABASES\NCD2024-Q2\NCD\1c. Risk Factors AD.xlsx,City of Malabon,18134,354,351,817,700,887,396,508,304,3024,1322,0,0
2nd Quarter 2025,NCD2024-Q2,C:\DATABASES\NCD2024-Q2\NCD\1c. Risk Factors AD.xlsx,City of Navotas,11883,255,407,453,584,1705,869,1521,789,707,416,1001,579
2nd Quarter 2025,NCD2024-Q2,C:\DATABASES\NCD2024-Q2\NCD\1c. Risk Factors AD.xlsx,City of Valenzuela,67987,93,530,91,178,0,0,0,0,2427,1577,0,0
2nd Quarter 2025,NCD2024-Q2,C:\DATABASES\NCD2024-Q2\NCD\1c. Risk Factors AD.xlsx,City of Caloocan,87665,304,344,1697,1103,4886,1794,4465,1662,2114,782,2918,1033
2nd Quarter 2025,NCD2024-Q2,C:\DATABASES\NCD2024-Q2\NCD\1c. Risk Factors AD.xlsx,City of Marikina,4764,128,302,205,307,868,523,845,521,275,205,712,353
2nd Quarter 2025,NCD2024-Q2,C:\DATABASES\NCD2024-Q2\NCD\1c. Risk Factors AD.xlsx,City of Pasig,46949,802,1602,2018,2552,0,0,0,0,4639,4135,0,0
2nd Quarter 2025,NCD2024-Q2,C:\DATABASES\NCD2024-Q2\NCD\1c. Risk Factors AD.xlsx,Pateros,2963,2,13,19,11,56,20,51,17,18,9,56,27
2nd Quarter 2025,NCD2024-Q2,C:\DATABASES\NCD2024-Q2\NCD\1c. Risk Factors AD.xlsx,City of Taguig,110565,205,363,4447,5496,4514,2488,4161,2169,3628,1961,3536,1944
2nd Quarter 2025,NCD2024-Q2,C:\DATABASES\NCD2024-Q2\NCD\1c. Risk Factors AD.xlsx,Quezon City,123450,871,1305,2198,2139,8551,3697,4187,2314,3214,1417,4400,1923
2nd Quarter 2025,NCD2024-Q2,C:\DATABASES\NCD2024-Q2\NCD\1c. Risk Factors AD.xlsx,City of Makati,13191,157,313,197,218,2225,1031,742,383,613,260,2087,1101
2nd Quarter 2025,NCD2024-Q2,C:\DATABASES\NCD2024-Q2\NCD\1c. Risk Factors AD.xlsx,City of Mandaluyong,28775,357,663,747,840,2735,1175,2497,1151,2688,1693,1554,619
2nd Quarter 2025,NCD2024-Q2,C:\DATABASES\NCD2024-Q2\NCD\1c. Risk Factors AD.xlsx,City of San Juan,7447,53,132,186,279,727,434,251,161,1249,723,394,236
2nd Quarter 2025,NCD2024-Q2,C:\DATABASES\NCD2024-Q2\NCD\1c. Risk Factors AD.xlsx,City of Manila,104273,283,337,891,804,4872,2717,4084,2291,2409,1073,2385,1066
2nd Quarter 2025,NCD2024-Q2,C:\DATABASES\NCD2024-Q2\NCD\1c. Risk Factors AD.xlsx,City of Las Piñas,25022,602,1257,982,1213,3403,2113,3149,2099,1661,987,1382,713
2nd Quarter 2025,NCD2024-Q2,C:\DATABASES\NCD2024-Q2\NCD\1c. Risk Factors AD.xlsx,City of Muntinlupa,20229,164,431,498,754,0,0,0,0,3483,1867,0,0
2nd Quarter 2025,NCD2024-Q2,C:\DATABASES\NCD2024-Q2\NCD\1c. Risk Factors AD.xlsx,City of Parañaque,19347,41,97,124,152,972,313,1009,430,436,179,334,145
2nd Quarter 2025,NCD2024-Q2,C:\DATABASES\NCD2024-Q2\NCD\1c. Risk Factors AD.xlsx,Pasay City,22430,166,236,274,254,997,468,893,453,481,252,473,253
2nd Quarter 2025,NCD2024-Q2,C:\DATABASES\NCD2024-Q2\NCD\1c. Risk Factors AD.xlsx,CAR,194361,1712,5858,2575,8916,0,0,0,0,2575,8916,8847,6053
2nd Quarter 2025,NCD2024-Q2,C:\DATABASES\NCD2024-Q2\NCD\1c. Risk Factors AD.xlsx,Abra,29426,411,1295,614,1431,0,0,0,0,614,1431,985,721
2nd Quarter 2025,NCD2024-Q2,C:\DATABASES\NCD2024-Q2\NCD\1c. Risk Factors AD.xlsx,Apayao,14968,103,568,266,1021,0,0,0,0,266,1021,775,567
2nd Quarter 2025,NCD2024-Q2,C:\DATABASES\NCD2024-Q2\NCD\1c. Risk Factors AD.xlsx,Benguet,45669,495,828,543,1488,0,0,0,0,543,1488,1380,773
2nd Quarter 2025,NCD2024-Q2,C:\DATABASES\NCD2024-Q2\NCD\1c. Risk Factors AD.xlsx,Ifugao,21893,57,223,250,780,0,0,0,0,250,780,1546,1056
2nd Quarter 2025,NCD2024-Q2,C:\DATABASES\NCD2024-Q2\NCD\1c. Risk Factors AD.xlsx,Kalinga,38238,348,1871,378,2639,0,0,0,0,378,2639,1056,1010
2nd Quarter 2025,NCD2024-Q2,C:\DATABASES\NCD2024-Q2\NCD\1c. Risk Factors AD.xlsx,Mountain Province,27230,72,532,71,795,0,0,0,0,71,795,1249,967
2nd Quarter 2025,NCD2024-Q2,C:\DATABASES\NCD2024-Q2\NCD\1c. Risk Factors AD.xlsx,City of Baguio,16937,226,541,453,762,0,0,0,0,453,762,1856,959
2nd Quarter 2025,NCD2024-Q2,C:\DATABASES\NCD2024-Q2\NCD\1c. Risk Factors AD.xlsx,Region 1,342961,3372,14740,4820,13967,582,519,975,1153,12320,9879,601,610
2nd Quarter 2025,NCD2024-Q2,C:\DATABASES\NCD2024-Q2\NCD\1c. Risk Factors AD.xlsx,Ilocos Norte,39805,443,1154,215,878,0,0,0,0,1538,1157,0,0
2nd Quarter 2025,NCD2024-Q2,C:\DATABASES\NCD2024-Q2\NCD\1c. Risk Factors AD.xlsx,Ilocos Sur,92199,282,3209,345,1579,0,0,0,0,4934,3912,0,0
2nd Quarter 2025,NCD2024-Q2,C:\DATABASES\NCD2024-Q2\NCD\1c. Risk Factors AD.xlsx,La Union,77045,563,2140,1134,2868,582,519,975,1153,1515,1240,601,610
2nd Quarter 2025,NCD2024-Q2,C:\DATABASES\NCD2024-Q2\NCD\1c. Risk Factors AD.xlsx,Pangasinan,125098,1987,7875,2834,8053,0,0,0,0,4214,3328,0,0
2nd Quarter 2025,NCD2024-Q2,C:\DATABASES\NCD2024-Q2\NCD\1c. Risk Factors AD.xlsx,City of Dagupan,8814,97,362,292,589,0,0,0,0,119,242,0,0
2nd Quarter 2025,NCD2024-Q2,C:\DATABASES\NCD2024-Q2\NCD\1c. Risk Factors AD.xlsx,Region 2,558034,7755,29903,9864,36829,23113,20330,30280,27800,18387,15956,6845,5649
2nd Quarter 2025,NCD2024-Q2,C:\DATABASES\NCD2024-Q2\NCD\1c. Risk Factors AD.xlsx,Batanes,3588,17,136,314,466,121,145,401,409,273,262,124,111
2nd Quarter 2025,NCD2024-Q2,C:\DATABASES\NCD2024-Q2\NCD\1c. Risk Factors AD.xlsx,Cagayan,157652,3148,11859,4215,14909,6729,6404,10025,9172,7187,6589,2474,1872
2nd Quarter 2025,NCD2024-Q2,C:\DATABASES\NCD2024-Q2\NCD\1c. Risk Factors AD.xlsx,Isabela,272022,3255,13434,3611,15752,12459,10612,14381,13159,8251,7080,3051,2680
2nd Quarter 2025,NCD2024-Q2,C:\DATABASES\NCD2024-Q2\NCD\1c. Risk Factors AD.xlsx,Nueva Vizcaya,44467,369,903,384,1041,1387,738,1484,787,882,507,368,203
2nd Quarter 2025,NCD2024-Q2,C:\DATABASES\NCD2024-Q2\NCD\1c. Risk Factors AD.xlsx,Quirino,32367,398,1314,290,1432,726,759,959,926,767,656,331,308
2nd Quarter 2025,NCD2024-Q2,C:\DATABASES\NCD2024-Q2\NCD\1c. Risk Factors AD.xlsx,City of Santiago,47938,568,2257,1050,3229,1691,1672,3030,3347,1027,862,497,475
2nd Quarter 2025,NCD2024-Q2,C:\DATABASES\NCD2024-Q2\NCD\1c. Risk Factors AD.xlsx,Region 3,1716158,37917,95731,41657,101056,50334,42004,54660,49113,49646,41089,24047,19041
2nd Quarter 2025,NCD2024-Q2,C:\DATABASES\NCD2024-Q2\NCD\1c. Risk Factors AD.xlsx,Aurora,38525,660,1958,1682,2733,3005,2574,5161,4877,2070,1921,1701,1251
2nd Quarter 2025,NCD2024-Q2,C:\DATABASES\NCD2024-Q2\NCD\1c. Risk Factors AD.xlsx,Bataan,112785,2892,4343,985,2654,2079,1433,2152,1599,2816,1738,469,309
2nd Quarter 2025,NCD2024-Q2,C:\DATABASES\NCD2024-Q2\NCD\1c. Risk Factors AD.xlsx,Bulacan,616345,12754,33025,17563,40118,21663,19530,19830,18850,22358,19488,11091,9576
2nd Quarter 2025,NCD2024-Q2,C:\DATABASES\NCD2024-Q2\NCD\1c. Risk Factors AD.xlsx,Nueva Ecija,358729,7394,28522,9063,29227,8548,7483,10474,10280,8567,7437,4701,3719
2nd Quarter 2025,NCD2024-Q2,C:\DATABASES\NCD2024-Q2\NCD\1c. Risk Factors AD.xlsx,Pampanga,187836,3200,8815,3306,9132,7811,6396,7490,6491,5058,3783,2551,1718
2nd Quarter 2025,NCD2024-Q2,C:\DATABASES\NCD2024-Q2\NCD\1c. Risk Factors AD.xlsx,Tarlac,230775,5202,8295,3966,7747,1497,603,2282,1581,3591,2912,1374,919
2nd Quarter 2025,NCD2024-Q2,C:\DATABASES\NCD2024-Q2\NCD\1c. Risk Factors AD.xlsx,Zambales,112861,3241,7576,2999,6354,2969,2229,4367,3607,3522,2763,1606,1084
2nd Quarter 2025,NCD2024-Q2,C:\DATABASES\NCD2024-Q2\NCD\1c. Risk Factors AD.xlsx,City of Angeles,38689,2303,2673,1613,2282,2379,1477,2389,1403,1373,865,478,418
2nd Quarter 2025,NCD2024-Q2,C:\DATABASES\NCD2024-Q2\NCD\1c. Risk Factors AD.xlsx,City of Olongapo,19613,271,524,480,809,383,279,515,425,291,182,76,47
2nd Quarter 2025,NCD2024-Q2,C:\DATABASES\NCD2024-Q2\NCD\1c. Risk Factors AD.xlsx,Region 4A,1100096,20701,72582,44111,92108,4918,28822,77137,141111,93447,63639,77137,84662
2nd Quarter 2025,NCD2024-Q2,C:\DATABASES\NCD2024-Q2\NCD\1c. Risk Factors AD.xlsx,Batangas,386617,6347,33669,13921,44032,1394,10780,24964,53254,35668,28539,24964,31889
2nd Quarter 2025,NCD2024-Q2,C:\DATABASES\NCD2024-Q2\NCD\1c. Risk Factors AD.xlsx,Cavite,295393,5882,16785,10147,20340,1133,7689,21087,37970,26027,17775,21087,22720
2nd Quarter 2025,NCD2024-Q2,C:\DATABASES\NCD2024-Q2\NCD\1c. Risk Factors AD.xlsx,Laguna,140726,2582,8217,4876,9180,763,3483,9755,16786,9932,5366,9755,10103
2nd Quarter 2025,NCD2024-Q2,C:\DATABASES\NCD2024-Q2\NCD\1c. Risk Factors AD.xlsx,Quezon,99713,1688,5203,6399,7165,952,2527,7905,11529,8923,4854,7905,7031
2nd Quarter 2025,NCD2024-Q2,C:\DATABASES\NCD2024-Q2\NCD\1c. Risk Factors AD.xlsx,Rizal,137582,3291,6715,7208,9128,516,3202,10257,15871,9620,4786,10257,9502
2nd Quarter 2025,NCD2024-Q2,C:\DATABASES\NCD2024-Q2\NCD\1c. Risk Factors AD.xlsx,City of Lucena,40065,911,1993,1560,2263,160,1141,3169,5701,3277,2319,3169,3417
2nd Quarter 2025,NCD2024-Q2,C:\DATABASES\NCD2024-Q2\NCD\1c. Risk Factors AD.xlsx,Region 4B,125734,3188,12381,5978,14124,3377,2398,5269,4069,7870,5596,4380,2746
2nd Quarter 2025,NCD2024-Q2,C:\DATABASES\NCD2024-Q2\NCD\1c. Risk Factors AD.xlsx,Marinduque,4557,12,193,130,255,1,1,2,5,183,110,85,67
2nd Quarter 2025,NCD2024-Q2,C:\DATABASES\NCD2024-Q2\NCD\1c. Risk Factors AD.xlsx,Occidental Mindoro,20454,518,2496,897,2605,1039,528,1065,760,568,364,440,305
2nd Quarter 2025,NCD2024-Q2,C:\DATABASES\NCD2024-Q2\NCD\1c. Risk Factors AD.xlsx,Oriental Mindoro,43643,1176,3858,2292,5044,905,827,1934,1669,2590,2255,1555,1155
2nd Quarter 2025,NCD2024-Q2,C:\DATABASES\NCD2024-Q2\NCD\1c. Risk Factors AD.xlsx,Palawan,35446,784,4002,1345,4009,1287,965,1714,1279,1666,1237,1770,954
2nd Quarter 2025,NCD2024-Q2,C:\DATABASES\NCD2024-Q2\NCD\1c. Risk Factors AD.xlsx,Romblon,10895,526,984,533,1280,145,77,554,356,1495,907,180,89
2nd Quarter 2025,NCD2024-Q2,C:\DATABASES\NCD2024-Q2\NCD\1c. Risk Factors AD.xlsx,City of Puerto Princesa,10739,172,848,781,931,0,0,0,0,1368,723,350,176
2nd Quarter 2025,NCD2024-Q2,C:\DATABASES\NCD2024-Q2\NCD\1c. Risk Factors AD.xlsx,Region 5,488141,9614,36626,16982,35486,30943,21596,35870,25923,28718,20122,8737,5612
2nd Quarter 2025,NCD2024-Q2,C:\DATABASES\NCD2024-Q2\NCD\1c. Risk Factors AD.xlsx,Albay,64261,1075,5043,1273,4162,6991,4538,6983,4867,4818,3440,1752,1294
2nd Quarter 2025,NCD2024-Q2,C:\DATABASES\NCD2024-Q2\NCD\1c. Risk Factors AD.xlsx,Camarines Norte,55330,592,1856,1005,1427,2015,1618,2468,1915,1892,1140,620,360
2nd Quarter 2025,NCD2024-Q2,C:\DATABASES\NCD2024-Q2\NCD\1c. Risk Factors AD.xlsx,Camarines Sur,186417,2658,12087,5058,10410,14747,10708,15703,11501,9106,6499,3293,2088
2nd Quarter 2025,NCD2024-Q2,C:\DATABASES\NCD2024-Q2\NCD\1c. Risk Factors AD.xlsx,Catanduanes,53018,400,3813,2122,5035,2033,1489,1968,1676,3584,3100,1281,1037
2nd Quarter 2025,NCD2024-Q2,C:\DATABASES\NCD2024-Q2\NCD\1c. Risk Factors AD.xlsx,Masbate,42888,4106,7780,5681,8769,2354,1564,5518,3755,3755,2206,1190,472
2nd Quarter 2025,NCD2024-Q2,C:\DATABASES\NCD2024-Q2\NCD\1c. Risk Factors AD.xlsx,Sorsogon,79199,685,5833,1694,5462,2231,1385,2462,1743,5271,3574,486,302
2nd Quarter 2025,NCD2024-Q2,C:\DATABASES\NCD2024-Q2\NCD\1c. Risk Factors AD.xlsx,City of Naga,7028,98,214,149,221,572,294,768,466,292,163,115,59
2nd Quarter 2025,NCD2024-Q2,C:\DATABASES\NCD2024-Q2\NCD\1c. Risk Factors AD.xlsx,Region 6,604617,3482,20714,5374,26433,9154,7711,10251,8695,8513,7415,3246,2575
2nd Quarter 2025,NCD2024-Q2,C:\DATABASES\NCD2024-Q2\NCD\1c. Risk Factors AD.xlsx,Aklan,19992,179,591,344,742,797,545,688,490,369,225,187,121
2nd Quarter 2025,NCD2024-Q2,C:\DATABASES\NCD2024-Q2\NCD\1c. Risk Factors AD.xlsx,Antique,66855,728,4150,861,4759,1551,1360,2268,1940,1084,939,477,371
2nd Quarter 2025,NCD2024-Q2,C:\DATABASES\NCD2024-Q2\NCD\1c. Risk Factors AD.xlsx,Capiz,117485,431,4210,1135,6164,4770,4132,4063,3396,1597,1332,1345,903
2nd Quarter 2025,NCD2024-Q2,C:\DATABASES\NCD2024-Q2\NCD\1c. Risk Factors AD.xlsx,Guimaras,177722,154,2484,333,3281,571,488,1391,1110,1976,1675,939,880
2nd Quarter 2025,NCD2024-Q2,C:\DATABASES\NCD2024-Q2\NCD\1c. Risk Factors AD.xlsx,Iloilo,177722,1595,8093,2133,10059,3,8,224,356,2540,2437,1,1
2nd Quarter 2025,NCD2024-Q2,C:\DATABASES\NCD2024-Q2\NCD\1c. Risk Factors AD.xlsx,City of Iloilo,44841,395,1186,568,1428,1462,1178,1617,1403,947,807,297,299
2nd Quarter 2025,NCD2024-Q2,C:\DATABASES\NCD2024-Q2\NCD\1c. Risk Factors AD.xlsx,Region 7,388410,5350,22141,17378,34126,23383,17215,31046,23213,18870,14554,15445,10471
2nd Quarter 2025,NCD2024-Q2,C:\DATABASES\NCD2024-Q2\NCD\1c. Risk Factors AD.xlsx,Bohol,70915,934,3848,3404,6268,4914,3241,8198,5843,4403,3027,2372,1336
2nd Quarter 2025,NCD2024-Q2,C:\DATABASES\NCD2024-Q2\NCD\1c. Risk Factors AD.xlsx,Cebu,215911,2918,13759,10789,22475,11743,9295,13870,11131,10735,9143,9949,7187
2nd Quarter 2025,NCD2024-Q2,C:\DATABASES\NCD2024-Q2\NCD\1c. Risk Factors AD.xlsx,City of Cebu,44423,821,2790,2319,3679,4414,3026,6120,4169,2857,1760,2252,1372
2nd Quarter 2025,NCD2024-Q2,C:\DATABASES\NCD2024-Q2\NCD\1c. Risk Factors AD.xlsx,City of Lapu-Lapu,39732,549,1549,818,1573,2033,1547,2709,1954,818,575,764,495
2nd Quarter 2025,NCD2024-Q2,C:\DATABASES\NCD2024-Q2\NCD\1c. Risk Factors AD.xlsx,City of Mandaue,17429,128,195,48,131,279,106,149,116,57,49,108,81
2nd Quarter 2025,NCD2024-Q2,C:\DATABASES\NCD2024-Q2\NCD\1c. Risk Factors AD.xlsx,Region 8,299022,3844,13524,12841,16494,2945,2115,7750,4795,11053,6693,1399,1239
2nd Quarter 2025,NCD2024-Q2,C:\DATABASES\NCD2024-Q2\NCD\1c. Risk Factors AD.xlsx,Biliran,13988,305,904,1192,1266,1102,594,1306,685,949,497,243,116
2nd Quarter 2025,NCD2024-Q2,C:\DATABASES\NCD2024-Q2\NCD\1c. Risk Factors AD.xlsx,Eastern Samar,34043,219,1099,1710,1742,0,0,0,0,1180,660,0,0
2nd Quarter 2025,NCD2024-Q2,C:\DATABASES\NCD2024-Q2\NCD\1c. Risk Factors AD.xlsx,Leyte,77033,891,3437,3271,3725,1843,1521,6444,4110,3448,1813,1156,1123
2nd Quarter 2025,NCD2024-Q2,C:\DATABASES\NCD2024-Q2\NCD\1c. Risk Factors AD.xlsx,Northern Samar,34152,376,1566,1533,1889,0,0,0,0,1950,1136,0,0
2nd Quarter 2025,NCD2024-Q2,C:\DATABASES\NCD2024-Q2\NCD\1c. Risk Factors AD.xlsx,Southern Leyte,55641,404,2313,1163,2349,0,0,0,0,2012,1162,0,0
2nd Quarter 2025,NCD2024-Q2,C:\DATABASES\NCD2024-Q2\NCD\1c. Risk Factors AD.xlsx,Samar,38330,1175,2673,2178,3097,0,0,0,0,656,483,0,0
2nd Quarter 2025,NCD2024-Q2,C:\DATABASES\NCD2024-Q2\NCD\1c. Risk Factors AD.xlsx,Ormoc City,12280,160,462,380,811,0,0,0,0,619,727,0,0
2nd Quarter 2025,NCD2024-Q2,C:\DATABASES\NCD2024-Q2\NCD\1c. Risk Factors AD.xlsx,City of Tacloban,33555,314,1070,1414,1615,0,0,0,0,239,215,0,0
2nd Quarter 2025,NCD2024-Q2,C:\DATABASES\NCD2024-Q2\NCD\1c. Risk Factors AD.xlsx,Region 9,234412,2865,15684,3500,12327,9175,7084,12792,9513,6498,4308,2615,1814
2nd Quarter 2025,NCD2024-Q2,C:\DATABASES\NCD2024-Q2\NCD\1c. Risk Factors AD.xlsx,Zamboanga del Norte,54943,887,3625,992,2869,3640,2831,4178,3688,1920,1161,598,391
2nd Quarter 2025,NCD2024-Q2,C:\DATABASES\NCD2024-Q2\NCD\1c. Risk Factors AD.xlsx,Zamboanga del Sur,71176,940,4578,1304,3670,2308,1830,3507,2409,1621,1156,672,404
2nd Quarter 2025,NCD2024-Q2,C:\DATABASES\NCD2024-Q2\NCD\1c. Risk Factors AD.xlsx,Zamboanga Sibugay,71038,731,5563,953,4569,2529,1944,3850,2647,1778,1383,1010,851
2nd Quarter 2025,NCD2024-Q2,C:\DATABASES\NCD2024-Q2\NCD\1c. Risk Factors AD.xlsx,City of Isabela,13311,108,893,109,461,453,318,596,430,361,237,262,153
2nd Quarter 2025,NCD2024-Q2,C:\DATABASES\NCD2024-Q2\NCD\1c. Risk Factors AD.xlsx,City of Zamboanga,23944,199,1025,142,758,245,161,661,339,818,371,73,15
2nd Quarter 2025,NCD2024-Q2,C:\DATABASES\NCD2024-Q2\NCD\1c. Risk Factors AD.xlsx,Region 10,289897,5736,17342,7844,19528,11049,8843,13825,11321,13726,8857,3598,2542
2nd Quarter 2025,NCD2024-Q2,C:\DATABASES\NCD2024-Q2\NCD\1c. Risk Factors AD.xlsx,Bukidnon,99266,1684,5300,2593,8134,5251,4395,6875,5587,4593,3083,1325,1321
2nd Quarter 2025,NCD2024-Q2,C:\DATABASES\NCD2024-Q2\NCD\1c. Risk Factors AD.xlsx,Camiguin,6278,0,0,112,220,0,0,0,0,0,0,0,0
2nd Quarter 2025,NCD2024-Q2,C:\DATABASES\NCD2024-Q2\NCD\1c. Risk Factors AD.xlsx,Lanao del Norte,43737,573,1891,461,1367,2322,1882,2738,2186,1755,1111,606,325
2nd Quarter 2025,NCD2024-Q2,C:\DATABASES\NCD2024-Q2\NCD\1c. Risk Factors AD.xlsx,Misamis Occidental,35953,227,881,460,1010,505,327,615,479,1208,732,183,110
2nd Quarter 2025,NCD2024-Q2,C:\DATABASES\NCD2024-Q2\NCD\1c. Risk Factors AD.xlsx,Misamis Oriental,42816,1069,3707,1600,3210,2027,1464,2423,2066,2098,1315,653,379
2nd Quarter 2025,NCD2024-Q2,C:\DATABASES\NCD2024-Q2\NCD\1c. Risk Factors AD.xlsx,City of Cagayan De Oro,46893,1522,3725,1814,4041,0,0,0,0,2926,1967,0,0
2nd Quarter 2025,NCD2024-Q2,C:\DATABASES\NCD2024-Q2\NCD\1c. Risk Factors AD.xlsx,City of Iligan,14954,661,1838,804,1546,944,775,1174,1003,1146,649,831,407
2nd Quarter 2025,NCD2024-Q2,C:\DATABASES\NCD2024-Q2\NCD\1c. Risk Factors AD.xlsx,Region 11,514108,6993,29428,16516,37091,51950,36543,48791,37798,37745,26070,4443,3357
2nd Quarter 2025,NCD2024-Q2,C:\DATABASES\NCD2024-Q2\NCD\1c. Risk Factors AD.xlsx,Davao de Oro,98210,651,4503,1647,5356,6354,4989,8119,6532,3951,3378,3839,2931
2nd Quarter 2025,NCD2024-Q2,C:\DATABASES\NCD2024-Q2\NCD\1c. Risk Factors AD.xlsx,Davao del Norte,126615,1339,8163,4070,10471,11287,8457,11646,9185,12411,10033,0,0
2nd Quarter 2025,NCD2024-Q2,C:\DATABASES\NCD2024-Q2\NCD\1c. Risk Factors AD.xlsx,Davao Oriental,61179,1016,4755,2896,6206,7991,6361,7463,7660,460,370,604,426
2nd Quarter 2025,NCD2024-Q2,C:\DATABASES\NCD2024-Q2\NCD\1c. Risk Factors AD.xlsx,Davao del Sur,49393,684,3426,1547,3749,6407,3608,5399,3000,4618,2231,0,0
2nd Quarter 2025,NCD2024-Q2,C:\DATABASES\NCD2024-Q2\NCD\1c. Risk Factors AD.xlsx,Davao Occidental,23350,327,1716,490,1469,1359,1088,1406,1747,1647,883,0,0
2nd Quarter 2025,NCD2024-Q2,C:\DATABASES\NCD2024-Q2\NCD\1c. Risk Factors AD.xlsx,City of Davao,155361,2976,6865,5866,9840,18552,12040,14758,9674,14658,9175,0,0
2nd Quarter 2025,NCD2024-Q2,C:\DATABASES\NCD2024-Q2\NCD\1c. Risk Factors AD.xlsx,Region 12,351203,2489,18403,3161,17936,904,774,1697,1322,8515,6054,7968,6038
2nd Quarter 2025,NCD2024-Q2,C:\DATABASES\NCD2024-Q2\NCD\1c. Risk Factors AD.xlsx,Cotabato,95347,989,4853,768,4497,0,0,0,0,2081,1482,2081,1482
2nd Quarter 2025,NCD2024-Q2,C:\DATABASES\NCD2024-Q2\NCD\1c. Risk Factors AD.xlsx,Sarangani,40237,235,2665,384,2723,904,774,1697,1322,1739,1065,692,700
2nd Quarter 2025,NCD2024-Q2,C:\DATABASES\NCD2024-Q2\NCD\1c. Risk Factors AD.xlsx,South Cotabato,52508,394,2378,550,2262,0,0,0,0,1156,598,1157,597
2nd Quarter 2025,NCD2024-Q2,C:\DATABASES\NCD2024-Q2\NCD\1c. Risk Factors AD.xlsx,Sultan Kudarat,147169,850,8266,1317,8073,0,0,0,0,2894,2425,2894,2426
2nd Quarter 2025,NCD2024-Q2,C:\DATABASES\NCD2024-Q2\NCD\1c. Risk Factors AD.xlsx,City of General Santos,15942,21,241,142,381,0,0,0,0,645,484,1144,833
2nd Quarter 2025,NCD2024-Q2,C:\DATABASES\NCD2024-Q2\NCD\1c. Risk Factors AD.xlsx,Caraga,222724,3447,13317,8016,15299,12387,8339,16206,11585,11169,7564,5210,3650
2nd Quarter 2025,NCD2024-Q2,C:\DATABASES\NCD2024-Q2\NCD\1c. Risk Factors AD.xlsx,Agusan del Norte,43201,841,3250,1792,3748,3258,2407,4100,3179,2741,2055,1601,1054
2nd Quarter 2025,NCD2024-Q2,C:\DATABASES\NCD2024-Q2\NCD\1c. Risk Factors AD.xlsx,Agusan del Sur,55036,961,4099,1698,4096,2104,1630,2859,2465,2065,1453,853,581
2nd Quarter 2025,NCD2024-Q2,C:\DATABASES\NCD2024-Q2\NCD\1c. Risk Factors AD.xlsx,Surigao del Norte,43225,408,1848,1812,2598,2582,1636,3385,2150,2065,1453,988,483
2nd Quarter 2025,NCD2024-Q2,C:\DATABASES\NCD2024-Q2\NCD\1c. Risk Factors AD.xlsx,Surigao del Sur,44077,735,2669,1567,2911,2686,1660,3679,2437,2458,1398,1121,1116
2nd Quarter 2025,NCD2024-Q2,C:\DATABASES\NCD2024-Q2\NCD\1c. Risk Factors AD.xlsx,Dinagat Islands,7572,130,477,483,681,687,493,797,636,548,424,254,171
2nd Quarter 2025,NCD2024-Q2,C:\DATABASES\NCD2024-Q2\NCD\1c. Risk Factors AD.xlsx,City of Butuan,29613,372,974,664,1265,1070,513,1386,718,1292,781,393,245
2nd Quarter 2025,NCD2024-Q2,C:\DATABASES\NCD2024-Q2\NCD\1c. Risk Factors AD.xlsx,BARMM,279892,3373,19063,643,3863,6648,5248,7873,5992,11315,7755,6548,4491
2nd Quarter 2025,NCD2024-Q2,C:\DATABASES\NCD2024-Q2\NCD\1c. Risk Factors AD.xlsx,Basilan,9287,122,681,1,8,191,132,348,315,245,122,209,64
2nd Quarter 2025,NCD2024-Q2,C:\DATABASES\NCD2024-Q2\NCD\1c. Risk Factors AD.xlsx,Lanao del Sur,105137,1608,5660,332,910,4070,3286,4629,3323,4109,3150,4275,3163
2nd Quarter 2025,NCD2024-Q2,C:\DATABASES\NCD2024-Q2\NCD\1c. Risk Factors AD.xlsx,Maguindanao del Norte,36404,323,2458,51,770,0,0,0,0,1761,1189,0,0
2nd Quarter 2025,NCD2024-Q2,C:\DATABASES\NCD2024-Q2\NCD\1c. Risk Factors AD.xlsx,Maguindanao del Sur,54497,474,3084,142,993,0,0,0,0,1516,1032,0,0
2nd Quarter 2025,NCD2024-Q2,C:\DATABASES\NCD2024-Q2\NCD\1c. Risk Factors AD.xlsx,Sulu,16900,97,940,2,10,0,0,0,0,699,340,0,0
2nd Quarter 2025,NCD2024-Q2,C:\DATABASES\NCD2024-Q2\NCD\1c. Risk Factors AD.xlsx,Tawi-Tawi,14249,208,3714,17,576,962,600,1033,787,613,220,328,135
2nd Quarter 2025,NCD2024-Q2,C:\DATABASES\NCD2024-Q2\NCD\1c. Risk Factors AD.xlsx,Special Geographic Area (SGA),14743,126,1140,8,41,361,335,682,590,590,484,441,292
2nd Quarter 2025,NCD2024-Q2,C:\DATABASES\NCD2024-Q2\NCD\1c. Risk Factors AD.xlsx,City of Cotabato,28675,415,1386,90,555,1064,895,1181,977,1782,1218,1295,837
2nd Quarter 2025,NCD2024-Q2,C:\DATABASES\NCD2024-Q2\NCD\1c. Risk Factors AD.xlsx,NIR,273407,4191,22260,6187,23641,2168,1283,0,0,10939,7792,2527,1409
2nd Quarter 2025,NCD2024-Q2,C:\DATABASES\NCD2024-Q2\NCD\1c. Risk Factors AD.xlsx,Negros Occidental,191950,3060,17200,3767,17406,0,0,0,0,6335,4911,0,0
2nd Quarter 2025,NCD2024-Q2,C:\DATABASES\NCD2024-Q2\NCD\1c. Risk Factors AD.xlsx,Negros Oriental,58649,799,3763,1654,4560,2168,1283,0,0,2953,1767,2527,1409
2nd Quarter 2025,NCD2024-Q2,C:\DATABASES\NCD2024-Q2\NCD\1c. Risk Factors AD.xlsx,Siquijor,10547,187,776,408,931,0,0,0,0,598,579,0,0
2nd Quarter 2025,NCD2024-Q2,C:\DATABASES\NCD2024-Q2\NCD\1c. Risk Factors AD.xlsx,City of Bacolod,12261,145,521,358,744,0,0,0,0,1053,535,0,0
3rd Quarter 2025,NCD2024-Q3,C:\DATABASES\NCD2024-Q3\NCD\1c. Risk Factors AD.xlsx,NCR,1,0,0,0,0,0,0,0,0,0,0,0,0
3rd Quarter 2025,NCD2024-Q3,C:\DATABASES\NCD2024-Q3\NCD\1c. Risk Factors AD.xlsx,City of Malabon,29616,0,0,0,0,0,0,0,0,0,0,0,0
3rd Quarter 2025,NCD2024-Q3,C:\DATABASES\NCD2024-Q3\NCD\1c. Risk Factors AD.xlsx,City of Navotas,29616,0,0,0,0,0,0,0,0,0,0,0,0
3rd Quarter 2025,NCD2024-Q3,C:\DATABASES\NCD2024-Q3\NCD\1c. Risk Factors AD.xlsx,City of Valenzuela,29616,0,0,0,0,0,0,0,0,0,0,0,0
3rd Quarter 2025,NCD2024-Q3,C:\DATABASES\NCD2024-Q3\NCD\1c. Risk Factors AD.xlsx,City of Caloocan,29616,0,0,0,0,0,0,0,0,0,0,0,0
3rd Quarter 2025,NCD2024-Q3,C:\DATABASES\NCD2024-Q3\NCD\1c. Risk Factors AD.xlsx,City of Marikina,29616,0,0,0,0,0,0,0,0,0,0,0,0
3rd Quarter 2025,NCD2024-Q3,C:\DATABASES\NCD2024-Q3\NCD\1c. Risk Factors AD.xlsx,City of Pasig,29616,0,0,0,0,0,0,0,0,0,0,0,0
3rd Quarter 2025,NCD2024-Q3,C:\DATABASES\NCD2024-Q3\NCD\1c. Risk Factors AD.xlsx,Pateros,29616,0,0,0,0,0,0,0,0,0,0,0,0
3rd Quarter 2025,NCD2024-Q3,C:\DATABASES\NCD2024-Q3\NCD\1c. Risk Factors AD.xlsx,City of Taguig,29616,0,0,0,0,0,0,0,0,0,0,0,0
3rd Quarter 2025,NCD2024-Q3,C:\DATABASES\NCD2024-Q3\NCD\1c. Risk Factors AD.xlsx,Quezon City,29616,0,0,0,0,0,0,0,0,0,0,0,0
3rd Quarter 2025,NCD2024-Q3,C:\DATABASES\NCD2024-Q3\NCD\1c. Risk Factors AD.xlsx,City of Makati,29616,0,0,0,0,0,0,0,0,0,0,0,0
3rd Quarter 2025,NCD2024-Q3,C:\DATABASES\NCD2024-Q3\NCD\1c. Risk Factors AD.xlsx,City of Mandaluyong,29616,0,0,0,0,0,0,0,0,0,0,0,0
3rd Quarter 2025,NCD2024-Q3,C:\DATABASES\NCD2024-Q3\NCD\1c. Risk Factors AD.xlsx,City of San Juan,29616,0,0,0,0,0,0,0,0,0,0,0,0
3rd Quarter 2025,NCD2024-Q3,C:\DATABASES\NCD2024-Q3\NCD\1c. Risk Factors AD.xlsx,City of Manila,29616,0,0,0,0,0,0,0,0,0,0,0,0
3rd Quarter 2025,NCD2024-Q3,C:\DATABASES\NCD2024-Q3\NCD\1c. Risk Factors AD.xlsx,City of Las Piñas,29616,0,0,0,0,0,0,0,0,0,0,0,0
3rd Quarter 2025,NCD2024-Q3,C:\DATABASES\NCD2024-Q3\NCD\1c. Risk Factors AD.xlsx,City of Muntinlupa,29616,0,0,0,0,0,0,0,0,0,0,0,0
3rd Quarter 2025,NCD2024-Q3,C:\DATABASES\NCD2024-Q3\NCD\1c. Risk Factors AD.xlsx,City of Parañaque,29616,0,0,0,0,0,0,0,0,0,0,0,0
3rd Quarter 2025,NCD2024-Q3,C:\DATABASES\NCD2024-Q3\NCD\1c. Risk Factors AD.xlsx,Pasay City,29616,0,0,0,0,0,0,0,0,0,0,0,0
3rd Quarter 2025,NCD2024-Q3,C:\DATABASES\NCD2024-Q3\NCD\1c. Risk Factors AD.xlsx,CAR,1,0,0,0,0,0,0,0,0,0,0,0,0
3rd Quarter 2025,NCD2024-Q3,C:\DATABASES\NCD2024-Q3\NCD\1c. Risk Factors AD.xlsx,Abra,29616,0,0,0,0,0,0,0,0,0,0,0,0
3rd Quarter 2025,NCD2024-Q3,C:\DATABASES\NCD2024-Q3\NCD\1c. Risk Factors AD.xlsx,Apayao,29616,0,0,0,0,0,0,0,0,0,0,0,0
3rd Quarter 2025,NCD2024-Q3,C:\DATABASES\NCD2024-Q3\NCD\1c. Risk Factors AD.xlsx,Benguet,29616,0,0,0,0,0,0,0,0,0,0,0,0
3rd Quarter 2025,NCD2024-Q3,C:\DATABASES\NCD2024-Q3\NCD\1c. Risk Factors AD.xlsx,Ifugao,29616,0,0,0,0,0,0,0,0,0,0,0,0
3rd Quarter 2025,NCD2024-Q3,C:\DATABASES\NCD2024-Q3\NCD\1c. Risk Factors AD.xlsx,Kalinga,29616,0,0,0,0,0,0,0,0,0,0,0,0
3rd Quarter 2025,NCD2024-Q3,C:\DATABASES\NCD2024-Q3\NCD\1c. Risk Factors AD.xlsx,Mountain Province,29616,0,0,0,0,0,0,0,0,0,0,0,0
3rd Quarter 2025,NCD2024-Q3,C:\DATABASES\NCD2024-Q3\NCD\1c. Risk Factors AD.xlsx,City of Baguio,29616,0,0,0,0,0,0,0,0,0,0,0,0
3rd Quarter 2025,NCD2024-Q3,C:\DATABASES\NCD2024-Q3\NCD\1c. Risk Factors AD.xlsx,Region 1,1,0,0,0,0,0,0,0,0,0,0,0,0
3rd Quarter 2025,NCD2024-Q3,C:\DATABASES\NCD2024-Q3\NCD\1c. Risk Factors AD.xlsx,Ilocos Norte,29616,0,0,0,0,0,0,0,0,0,0,0,0
3rd Quarter 2025,NCD2024-Q3,C:\DATABASES\NCD2024-Q3\NCD\1c. Risk Factors AD.xlsx,Ilocos Sur,29616,0,0,0,0,0,0,0,0,0,0,0,0
3rd Quarter 2025,NCD2024-Q3,C:\DATABASES\NCD2024-Q3\NCD\1c. Risk Factors AD.xlsx,La Union,29616,0,0,0,0,0,0,0,0,0,0,0,0
3rd Quarter 2025,NCD2024-Q3,C:\DATABASES\NCD2024-Q3\NCD\1c. Risk Factors AD.xlsx,Pangasinan,29616,0,0,0,0,0,0,0,0,0,0,0,0
3rd Quarter 2025,NCD2024-Q3,C:\DATABASES\NCD2024-Q3\NCD\1c. Risk Factors AD.xlsx,City of Dagupan,29616,0,0,0,0,0,0,0,0,0,0,0,0
3rd Quarter 2025,NCD2024-Q3,C:\DATABASES\NCD2024-Q3\NCD\1c. Risk Factors AD.xlsx,Region 2,1,0,0,0,0,0,0,0,0,0,0,0,0
3rd Quarter 2025,NCD2024-Q3,C:\DATABASES\NCD2024-Q3\NCD\1c. Risk Factors AD.xlsx,Batanes,29616,0,0,0,0,0,0,0,0,0,0,0,0
3rd Quarter 2025,NCD2024-Q3,C:\DATABASES\NCD2024-Q3\NCD\1c. Risk Factors AD.xlsx,Cagayan,29616,0,0,0,0,0,0,0,0,0,0,0,0
3rd Quarter 2025,NCD2024-Q3,C:\DATABASES\NCD2024-Q3\NCD\1c. Risk Factors AD.xlsx,Isabela,29616,0,0,0,0,0,0,0,0,0,0,0,0
3rd Quarter 2025,NCD2024-Q3,C:\DATABASES\NCD2024-Q3\NCD\1c. Risk Factors AD.xlsx,Nueva Vizcaya,29616,0,0,0,0,0,0,0,0,0,0,0,0
3rd Quarter 2025,NCD2024-Q3,C:\DATABASES\NCD2024-Q3\NCD\1c. Risk Factors AD.xlsx,Quirino,29616,0,0,0,0,0,0,0,0,0,0,0,0
3rd Quarter 2025,NCD2024-Q3,C:\DATABASES\NCD2024-Q3\NCD\1c. Risk Factors AD.xlsx,City of Santiago,29616,0,0,0,0,0,0,0,0,0,0,0,0
3rd Quarter 2025,NCD2024-Q3,C:\DATABASES\NCD2024-Q3\NCD\1c. Risk Factors AD.xlsx,Region 3,1,0,0,0,0,0,0,0,0,0,0,0,0
3rd Quarter 2025,NCD2024-Q3,C:\DATABASES\NCD2024-Q3\NCD\1c. Risk Factors AD.xlsx,Aurora,29616,0,0,0,0,0,0,0,0,0,0,0,0
3rd Quarter 2025,NCD2024-Q3,C:\DATABASES\NCD2024-Q3\NCD\1c. Risk Factors AD.xlsx,Bataan,29616,0,0,0,0,0,0,0,0,0,0,0,0
3rd Quarter 2025,NCD2024-Q3,C:\DATABASES\NCD2024-Q3\NCD\1c. Risk Factors AD.xlsx,Bulacan,29616,0,0,0,0,0,0,0,0,0,0,0,0
3rd Quarter 2025,NCD2024-Q3,C:\DATABASES\NCD2024-Q3\NCD\1c. Risk Factors AD.xlsx,Nueva Ecija,29616,0,0,0,0,0,0,0,0,0,0,0,0
3rd Quarter 2025,NCD2024-Q3,C:\DATABASES\NCD2024-Q3\NCD\1c. Risk Factors AD.xlsx,Pampanga,29616,0,0,0,0,0,0,0,0,0,0,0,0
3rd Quarter 2025,NCD2024-Q3,C:\DATABASES\NCD2024-Q3\NCD\1c. Risk Factors AD.xlsx,Tarlac,29616,0,0,0,0,0,0,0,0,0,0,0,0
3rd Quarter 2025,NCD2024-Q3,C:\DATABASES\NCD2024-Q3\NCD\1c. Risk Factors AD.xlsx,Zambales,29616,0,0,0,0,0,0,0,0,0,0,0,0
3rd Quarter 2025,NCD2024-Q3,C:\DATABASES\NCD2024-Q3\NCD\1c. Risk Factors AD.xlsx,City of Angeles,29616,0,0,0,0,0,0,0,0,0,0,0,0
3rd Quarter 2025,NCD2024-Q3,C:\DATABASES\NCD2024-Q3\NCD\1c. Risk Factors AD.xlsx,City of Olongapo,29616,0,0,0,0,0,0,0,0,0,0,0,0
3rd Quarter 2025,NCD2024-Q3,C:\DATABASES\NCD2024-Q3\NCD\1c. Risk Factors AD.xlsx,Region 4A,1,0,0,0,0,0,0,0,0,0,0,0,0
3rd Quarter 2025,NCD2024-Q3,C:\DATABASES\NCD2024-Q3\NCD\1c. Risk Factors AD.xlsx,Batangas,29616,0,0,0,0,0,0,0,0,0,0,0,0
3rd Quarter 2025,NCD2024-Q3,C:\DATABASES\NCD2024-Q3\NCD\1c. Risk Factors AD.xlsx,Cavite,29616,0,0,0,0,0,0,0,0,0,0,0,0
3rd Quarter 2025,NCD2024-Q3,C:\DATABASES\NCD2024-Q3\NCD\1c. Risk Factors AD.xlsx,Laguna,29616,0,0,0,0,0,0,0,0,0,0,0,0
3rd Quarter 2025,NCD2024-Q3,C:\DATABASES\NCD2024-Q3\NCD\1c. Risk Factors AD.xlsx,Quezon,29616,0,0,0,0,0,0,0,0,0,0,0,0
3rd Quarter 2025,NCD2024-Q3,C:\DATABASES\NCD2024-Q3\NCD\1c. Risk Factors AD.xlsx,Rizal,29616,0,0,0,0,0,0,0,0,0,0,0,0
3rd Quarter 2025,NCD2024-Q3,C:\DATABASES\NCD2024-Q3\NCD\1c. Risk Factors AD.xlsx,City of Lucena,29616,0,0,0,0,0,0,0,0,0,0,0,0
3rd Quarter 2025,NCD2024-Q3,C:\DATABASES\NCD2024-Q3\NCD\1c. Risk Factors AD.xlsx,Region 4B,1,0,0,0,0,0,0,0,0,0,0,0,0
3rd Quarter 2025,NCD2024-Q3,C:\DATABASES\NCD2024-Q3\NCD\1c. Risk Factors AD.xlsx,Marinduque,29616,0,0,0,0,0,0,0,0,0,0,0,0
3rd Quarter 2025,NCD2024-Q3,C:\DATABASES\NCD2024-Q3\NCD\1c. Risk Factors AD.xlsx,Occidental Mindoro,29616,0,0,0,0,0,0,0,0,0,0,0,0
3rd Quarter 2025,NCD2024-Q3,C:\DATABASES\NCD2024-Q3\NCD\1c. Risk Factors AD.xlsx,Oriental Mindoro,29616,0,0,0,0,0,0,0,0,0,0,0,0
3rd Quarter 2025,NCD2024-Q3,C:\DATABASES\NCD2024-Q3\NCD\1c. Risk Factors AD.xlsx,Palawan,29616,0,0,0,0,0,0,0,0,0,0,0,0
3rd Quarter 2025,NCD2024-Q3,C:\DATABASES\NCD2024-Q3\NCD\1c. Risk Factors AD.xlsx,Romblon,29616,0,0,0,0,0,0,0,0,0,0,0,0
3rd Quarter 2025,NCD2024-Q3,C:\DATABASES\NCD2024-Q3\NCD\1c. Risk Factors AD.xlsx,City of Puerto Princesa,29616,0,0,0,0,0,0,0,0,0,0,0,0
3rd Quarter 2025,NCD2024-Q3,C:\DATABASES\NCD2024-Q3\NCD\1c. Risk Factors AD.xlsx,Region 5,1,0,0,0,0,0,0,0,0,0,0,0,0
3rd Quarter 2025,NCD2024-Q3,C:\DATABASES\NCD2024-Q3\NCD\1c. Risk Factors AD.xlsx,Albay,29616,0,0,0,0,0,0,0,0,0,0,0,0
3rd Quarter 2025,NCD2024-Q3,C:\DATABASES\NCD2024-Q3\NCD\1c. Risk Factors AD.xlsx,Camarines Norte,29616,0,0,0,0,0,0,0,0,0,0,0,0
3rd Quarter 2025,NCD2024-Q3,C:\DATABASES\NCD2024-Q3\NCD\1c. Risk Factors AD.xlsx,Camarines Sur,29616,0,0,0,0,0,0,0,0,0,0,0,0
3rd Quarter 2025,NCD2024-Q3,C:\DATABASES\NCD2024-Q3\NCD\1c. Risk Factors AD.xlsx,Catanduanes,29616,0,0,0,0,0,0,0,0,0,0,0,0
3rd Quarter 2025,NCD2024-Q3,C:\DATABASES\NCD2024-Q3\NCD\1c. Risk Factors AD.xlsx,Masbate,29616,0,0,0,0,0,0,0,0,0,0,0,0
3rd Quarter 2025,NCD2024-Q3,C:\DATABASES\NCD2024-Q3\NCD\1c. Risk Factors AD.xlsx,Sorsogon,29616,0,0,0,0,0,0,0,0,0,0,0,0
3rd Quarter 2025,NCD2024-Q3,C:\DATABASES\NCD2024-Q3\NCD\1c. Risk Factors AD.xlsx,City of Naga,29616,0,0,0,0,0,0,0,0,0,0,0,0
3rd Quarter 2025,NCD2024-Q3,C:\DATABASES\NCD2024-Q3\NCD\1c. Risk Factors AD.xlsx,Region 6,1,0,0,0,0,0,0,0,0,0,0,0,0
3rd Quarter 2025,NCD2024-Q3,C:\DATABASES\NCD2024-Q3\NCD\1c. Risk Factors AD.xlsx,Aklan,29616,0,0,0,0,0,0,0,0,0,0,0,0
3rd Quarter 2025,NCD2024-Q3,C:\DATABASES\NCD2024-Q3\NCD\1c. Risk Factors AD.xlsx,Antique,29616,0,0,0,0,0,0,0,0,0,0,0,0
3rd Quarter 2025,NCD2024-Q3,C:\DATABASES\NCD2024-Q3\NCD\1c. Risk Factors AD.xlsx,Capiz,29616,0,0,0,0,0,0,0,0,0,0,0,0
3rd Quarter 2025,NCD2024-Q3,C:\DATABASES\NCD2024-Q3\NCD\1c. Risk Factors AD.xlsx,Guimaras,29616,0,0,0,0,0,0,0,0,0,0,0,0
3rd Quarter 2025,NCD2024-Q3,C:\DATABASES\NCD2024-Q3\NCD\1c. Risk Factors AD.xlsx,Iloilo,29616,0,0,0,0,0,0,0,0,0,0,0,0
3rd Quarter 2025,NCD2024-Q3,C:\DATABASES\NCD2024-Q3\NCD\1c. Risk Factors AD.xlsx,City of Iloilo,29616,0,0,0,0,0,0,0,0,0,0,0,0
3rd Quarter 2025,NCD2024-Q3,C:\DATABASES\NCD2024-Q3\NCD\1c. Risk Factors AD.xlsx,Region 7,1,0,0,0,0,0,0,0,0,0,0,0,0
3rd Quarter 2025,NCD2024-Q3,C:\DATABASES\NCD2024-Q3\NCD\1c. Risk Factors AD.xlsx,Bohol,29616,0,0,0,0,0,0,0,0,0,0,0,0
3rd Quarter 2025,NCD2024-Q3,C:\DATABASES\NCD2024-Q3\NCD\1c. Risk Factors AD.xlsx,Cebu,29616,0,0,0,0,0,0,0,0,0,0,0,0
3rd Quarter 2025,NCD2024-Q3,C:\DATABASES\NCD2024-Q3\NCD\1c. Risk Factors AD.xlsx,City of Cebu,29616,0,0,0,0,0,0,0,0,0,0,0,0
3rd Quarter 2025,NCD2024-Q3,C:\DATABASES\NCD2024-Q3\NCD\1c. Risk Factors AD.xlsx,City of Lapu-Lapu,29616,0,0,0,0,0,0,0,0,0,0,0,0
3rd Quarter 2025,NCD2024-Q3,C:\DATABASES\NCD2024-Q3\NCD\1c. Risk Factors AD.xlsx,City of Mandaue,29616,0,0,0,0,0,0,0,0,0,0,0,0
3rd Quarter 2025,NCD2024-Q3,C:\DATABASES\NCD2024-Q3\NCD\1c. Risk Factors AD.xlsx,Region 8,1,0,0,0,0,0,0,0,0,0,0,0,0
3rd Quarter 2025,NCD2024-Q3,C:\DATABASES\NCD2024-Q3\NCD\1c. Risk Factors AD.xlsx,Biliran,29616,0,0,0,0,0,0,0,0,0,0,0,0
3rd Quarter 2025,NCD2024-Q3,C:\DATABASES\NCD2024-Q3\NCD\1c. Risk Factors AD.xlsx,Eastern Samar,29616,0,0,0,0,0,0,0,0,0,0,0,0
3rd Quarter 2025,NCD2024-Q3,C:\DATABASES\NCD2024-Q3\NCD\1c. Risk Factors AD.xlsx,Leyte,29616,0,0,0,0,0,0,0,0,0,0,0,0
3rd Quarter 2025,NCD2024-Q3,C:\DATABASES\NCD2024-Q3\NCD\1c. Risk Factors AD.xlsx,Northern Samar,29616,0,0,0,0,0,0,0,0,0,0,0,0
3rd Quarter 2025,NCD2024-Q3,C:\DATABASES\NCD2024-Q3\NCD\1c. Risk Factors AD.xlsx,Southern Leyte,29616,0,0,0,0,0,0,0,0,0,0,0,0
3rd Quarter 2025,NCD2024-Q3,C:\DATABASES\NCD2024-Q3\NCD\1c. Risk Factors AD.xlsx,Samar,29616,0,0,0,0,0,0,0,0,0,0,0,0
3rd Quarter 2025,NCD2024-Q3,C:\DATABASES\NCD2024-Q3\NCD\1c. Risk Factors AD.xlsx,Ormoc City,29616,0,0,0,0,0,0,0,0,0,0,0,0
3rd Quarter 2025,NCD2024-Q3,C:\DATABASES\NCD2024-Q3\NCD\1c. Risk Factors AD.xlsx,City of Tacloban,29616,0,0,0,0,0,0,0,0,0,0,0,0
3rd Quarter 2025,NCD2024-Q3,C:\DATABASES\NCD2024-Q3\NCD\1c. Risk Factors AD.xlsx,Region 9,1,0,0,0,0,0,0,0,0,0,0,0,0
3rd Quarter 2025,NCD2024-Q3,C:\DATABASES\NCD2024-Q3\NCD\1c. Risk Factors AD.xlsx,Zamboanga del Norte,29616,0,0,0,0,0,0,0,0,0,0,0,0
3rd Quarter 2025,NCD2024-Q3,C:\DATABASES\NCD2024-Q3\NCD\1c. Risk Factors AD.xlsx,Zamboanga del Sur,29616,0,0,0,0,0,0,0,0,0,0,0,0
3rd Quarter 2025,NCD2024-Q3,C:\DATABASES\NCD2024-Q3\NCD\1c. Risk Factors AD.xlsx,Zamboanga Sibugay,29616,0,0,0,0,0,0,0,0,0,0,0,0
3rd Quarter 2025,NCD2024-Q3,C:\DATABASES\NCD2024-Q3\NCD\1c. Risk Factors AD.xlsx,City of Isabela,29616,0,0,0,0,0,0,0,0,0,0,0,0
3rd Quarter 2025,NCD2024-Q3,C:\DATABASES\NCD2024-Q3\NCD\1c. Risk Factors AD.xlsx,City of Zamboanga,29616,0,0,0,0,0,0,0,0,0,0,0,0
3rd Quarter 2025,NCD2024-Q3,C:\DATABASES\NCD2024-Q3\NCD\1c. Risk Factors AD.xlsx,Region 10,1,0,0,0,0,0,0,0,0,0,0,0,0
3rd Quarter 2025,NCD2024-Q3,C:\DATABASES\NCD2024-Q3\NCD\1c. Risk Factors AD.xlsx,Bukidnon,29616,0,0,0,0,0,0,0,0,0,0,0,0
3rd Quarter 2025,NCD2024-Q3,C:\DATABASES\NCD2024-Q3\NCD\1c. Risk Factors AD.xlsx,Camiguin,29616,0,0,0,0,0,0,0,0,0,0,0,0
3rd Quarter 2025,NCD2024-Q3,C:\DATABASES\NCD2024-Q3\NCD\1c. Risk Factors AD.xlsx,Lanao del Norte,29616,0,0,0,0,0,0,0,0,0,0,0,0
3rd Quarter 2025,NCD2024-Q3,C:\DATABASES\NCD2024-Q3\NCD\1c. Risk Factors AD.xlsx,Misamis Occidental,29616,0,0,0,0,0,0,0,0,0,0,0,0
3rd Quarter 2025,NCD2024-Q3,C:\DATABASES\NCD2024-Q3\NCD\1c. Risk Factors AD.xlsx,Misamis Oriental,29616,0,0,0,0,0,0,0,0,0,0,0,0
3rd Quarter 2025,NCD2024-Q3,C:\DATABASES\NCD2024-Q3\NCD\1c. Risk Factors AD.xlsx,City of Cagayan De Oro,29616,0,0,0,0,0,0,0,0,0,0,0,0
3rd Quarter 2025,NCD2024-Q3,C:\DATABASES\NCD2024-Q3\NCD\1c. Risk Factors AD.xlsx,City of Iligan,29616,0,0,0,0,0,0,0,0,0,0,0,0
3rd Quarter 2025,NCD2024-Q3,C:\DATABASES\NCD2024-Q3\NCD\1c. Risk Factors AD.xlsx,Region 11,1,0,0,0,0,0,0,0,0,0,0,0,0
3rd Quarter 2025,NCD2024-Q3,C:\DATABASES\NCD2024-Q3\NCD\1c. Risk Factors AD.xlsx,Davao de Oro,29616,0,0,0,0,0,0,0,0,0,0,0,0
3rd Quarter 2025,NCD2024-Q3,C:\DATABASES\NCD2024-Q3\NCD\1c. Risk Factors AD.xlsx,Davao del Norte,29616,0,0,0,0,0,0,0,0,0,0,0,0
3rd Quarter 2025,NCD2024-Q3,C:\DATABASES\NCD2024-Q3\NCD\1c. Risk Factors AD.xlsx,Davao Oriental,29616,0,0,0,0,0,0,0,0,0,0,0,0
3rd Quarter 2025,NCD2024-Q3,C:\DATABASES\NCD2024-Q3\NCD\1c. Risk Factors AD.xlsx,Davao del Sur,29616,0,0,0,0,0,0,0,0,0,0,0,0
3rd Quarter 2025,NCD2024-Q3,C:\DATABASES\NCD2024-Q3\NCD\1c. Risk Factors AD.xlsx,Davao Occidental,29616,0,0,0,0,0,0,0,0,0,0,0,0
3rd Quarter 2025,NCD2024-Q3,C:\DATABASES\NCD2024-Q3\NCD\1c. Risk Factors AD.xlsx,City of Davao,29616,0,0,0,0,0,0,0,0,0,0,0,0
3rd Quarter 2025,NCD2024-Q3,C:\DATABASES\NCD2024-Q3\NCD\1c. Risk Factors AD.xlsx,Region 12,1,0,0,0,0,0,0,0,0,0,0,0,0
3rd Quarter 2025,NCD2024-Q3,C:\DATABASES\NCD2024-Q3\NCD\1c. Risk Factors AD.xlsx,Cotabato,29616,0,0,0,0,0,0,0,0,0,0,0,0
3rd Quarter 2025,NCD2024-Q3,C:\DATABASES\NCD2024-Q3\NCD\1c. Risk Factors AD.xlsx,Sarangani,29616,0,0,0,0,0,0,0,0,0,0,0,0
3rd Quarter 2025,NCD2024-Q3,C:\DATABASES\NCD2024-Q3\NCD\1c. Risk Factors AD.xlsx,South Cotabato,29616,0,0,0,0,0,0,0,0,0,0,0,0
3rd Quarter 2025,NCD2024-Q3,C:\DATABASES\NCD2024-Q3\NCD\1c. Risk Factors AD.xlsx,Sultan Kudarat,29616,0,0,0,0,0,0,0,0,0,0,0,0
3rd Quarter 2025,NCD2024-Q3,C:\DATABASES\NCD2024-Q3\NCD\1c. Risk Factors AD.xlsx,City of General Santos,29616,0,0,0,0,0,0,0,0,0,0,0,0
3rd Quarter 2025,NCD2024-Q3,C:\DATABASES\NCD2024-Q3\NCD\1c. Risk Factors AD.xlsx,Caraga,1,0,0,0,0,0,0,0,0,0,0,0,0
3rd Quarter 2025,NCD2024-Q3,C:\DATABASES\NCD2024-Q3\NCD\1c. Risk Factors AD.xlsx,Agusan del Norte,29616,0,0,0,0,0,0,0,0,0,0,0,0
3rd Quarter 2025,NCD2024-Q3,C:\DATABASES\NCD2024-Q3\NCD\1c. Risk Factors AD.xlsx,Agusan del Sur,29616,0,0,0,0,0,0,0,0,0,0,0,0
3rd Quarter 2025,NCD2024-Q3,C:\DATABASES\NCD2024-Q3\NCD\1c. Risk Factors AD.xlsx,Surigao del Norte,29616,0,0,0,0,0,0,0,0,0,0,0,0
3rd Quarter 2025,NCD2024-Q3,C:\DATABASES\NCD2024-Q3\NCD\1c. Risk Factors AD.xlsx,Surigao del Sur,29616,0,0,0,0,0,0,0,0,0,0,0,0
3rd Quarter 2025,NCD2024-Q3,C:\DATABASES\NCD2024-Q3\NCD\1c. Risk Factors AD.xlsx,Dinagat Islands,29616,0,0,0,0,0,0,0,0,0,0,0,0
3rd Quarter 2025,NCD2024-Q3,C:\DATABASES\NCD2024-Q3\NCD\1c. Risk Factors AD.xlsx,City of Butuan,29616,0,0,0,0,0,0,0,0,0,0,0,0
3rd Quarter 2025,NCD2024-Q3,C:\DATABASES\NCD2024-Q3\NCD\1c. Risk Factors AD.xlsx,BARMM,1,0,0,0,0,0,0,0,0,0,0,0,0
3rd Quarter 2025,NCD2024-Q3,C:\DATABASES\NCD2024-Q3\NCD\1c. Risk Factors AD.xlsx,Basilan,29616,0,0,0,0,0,0,0,0,0,0,0,0
3rd Quarter 2025,NCD2024-Q3,C:\DATABASES\NCD2024-Q3\NCD\1c. Risk Factors AD.xlsx,Lanao del Sur,29616,0,0,0,0,0,0,0,0,0,0,0,0
3rd Quarter 2025,NCD2024-Q3,C:\DATABASES\NCD2024-Q3\NCD\1c. Risk Factors AD.xlsx,Maguindanao del Norte,29616,0,0,0,0,0,0,0,0,0,0,0,0
3rd Quarter 2025,NCD2024-Q3,C:\DATABASES\NCD2024-Q3\NCD\1c. Risk Factors AD.xlsx,Maguindanao del Sur,29616,0,0,0,0,0,0,0,0,0,0,0,0
3rd Quarter 2025,NCD2024-Q3,C:\DATABASES\NCD2024-Q3\NCD\1c. Risk Factors AD.xlsx,Sulu,29616,0,0,0,0,0,0,0,0,0,0,0,0
3rd Quarter 2025,NCD2024-Q3,C:\DATABASES\NCD2024-Q3\NCD\1c. Risk Factors AD.xlsx,Tawi-Tawi,29616,0,0,0,0,0,0,0,0,0,0,0,0
3rd Quarter 2025,NCD2024-Q3,C:\DATABASES\NCD2024-Q3\NCD\1c. Risk Factors AD.xlsx,Special Geographic Area (SGA),29616,0,0,0,0,0,0,0,0,0,0,0,0
3rd Quarter 2025,NCD2024-Q3,C:\DATABASES\NCD2024-Q3\NCD\1c. Risk Factors AD.xlsx,City of Cotabato,29616,0,0,0,0,0,0,0,0,0,0,0,0
3rd Quarter 2025,NCD2024-Q3,C:\DATABASES\NCD2024-Q3\NCD\1c. Risk Factors AD.xlsx,NIR,1,0,0,0,0,0,0,0,0,0,0,0,0
3rd Quarter 2025,NCD2024-Q3,C:\DATABASES\NCD2024-Q3\NCD\1c. Risk Factors AD.xlsx,Negros Occidental,29616,0,0,0,0,0,0,0,0,0,0,0,0
3rd Quarter 2025,NCD2024-Q3,C:\DATABASES\NCD2024-Q3\NCD\1c. Risk Factors AD.xlsx,Negros Oriental,29616,0,0,0,0,0,0,0,0,0,0,0,0
3rd Quarter 2025,NCD2024-Q3,C:\DATABASES\NCD2024-Q3\NCD\1c. Risk Factors AD.xlsx,Siquijor,29616,0,0,0,0,0,0,0,0,0,0,0,0
3rd Quarter 2025,NCD2024-Q3,C:\DATABASES\NCD2024-Q3\NCD\1c. Risk Factors AD.xlsx,City of Bacolod,29616,0,0,0,0,0,0,0,0,0,0,0,0
1st Quarter 2025,2025Q1,C:\DATABASES\2025Q1Risk Factors AD Risk Assessed.xlsx,NCR,378043,3257,5590,22165,21197,6751,3262,5125,2766,33553,16561,4915,2553
1st Quarter 2025,2025Q1,C:\DATABASES\2025Q1Risk Factors AD Risk Assessed.xlsx,City of Malabon,10674,485,628,1636,956,0,0,0,0,0,0,0,0
1st Quarter 2025,2025Q1,C:\DATABASES\2025Q1Risk Factors AD Risk Assessed.xlsx,City of Navotas,7088,327,481,498,457,1447,598,1244,532,1833,807,767,331
1st Quarter 2025,2025Q1,C:\DATABASES\2025Q1Risk Factors AD Risk Assessed.xlsx,City of Valenzuela,29445,0,0,0,0,0,0,0,0,0,0,0,0
1st Quarter 2025,2025Q1,C:\DATABASES\2025Q1Risk Factors AD Risk Assessed.xlsx,City of Caloocan,45883,0,0,4760,3163,0,0,0,0,13669,4644,0,0
1st Quarter 2025,2025Q1,C:\DATABASES\2025Q1Risk Factors AD Risk Assessed.xlsx,City of Marikina,2160,124,211,133,166,598,232,596,278,437,174,269,113
1st Quarter 2025,2025Q1,C:\DATABASES\2025Q1Risk Factors AD Risk Assessed.xlsx,City of Pasig,23948,875,1636,2299,2716,0,0,0,0,5086,3855,0,0
1st Quarter 2025,2025Q1,C:\DATABASES\2025Q1Risk Factors AD Risk Assessed.xlsx,Pateros,2292,0,0,0,0,0,0,0,0,0,0,0,0
1st Quarter 2025,2025Q1,C:\DATABASES\2025Q1Risk Factors AD Risk Assessed.xlsx,City of Taguig,53826,0,0,3977,4978,0,0,0,0,0,0,0,0
1st Quarter 2025,2025Q1,C:\DATABASES\2025Q1Risk Factors AD Risk Assessed.xlsx,Quezon City,87366,0,0,3671,3324,0,0,0,0,0,0,0,0
1st Quarter 2025,2025Q1,C:\DATABASES\2025Q1Risk Factors AD Risk Assessed.xlsx,City of Makati,7107,201,339,195,165,2250,955,804,441,875,456,2542,1233
1st Quarter 2025,2025Q1,C:\DATABASES\2025Q1Risk Factors AD Risk Assessed.xlsx,City of Mandaluyong,14234,397,763,662,824,467,215,434,262,4173,2261,225,100
1st Quarter 2025,2025Q1,C:\DATABASES\2025Q1Risk Factors AD Risk Assessed.xlsx,City of San Juan,3575,0,0,203,249,0,0,0,0,1464,912,0,0
1st Quarter 2025,2025Q1,C:\DATABASES\2025Q1Risk Factors AD Risk Assessed.xlsx,City of Manila,45081,0,0,2092,1740,0,0,0,0,0,0,0,0
1st Quarter 2025,2025Q1,C:\DATABASES\2025Q1Risk Factors AD Risk Assessed.xlsx,City of Las Piñas,11326,450,894,932,1124,1989,1262,2047,1253,2117,1229,1112,776
1st Quarter 2025,2025Q1,C:\DATABASES\2025Q1Risk Factors AD Risk Assessed.xlsx,City of Muntinlupa,11062,398,638,806,878,0,0,0,0,3899,2223,0,0
1st Quarter 2025,2025Q1,C:\DATABASES\2025Q1Risk Factors AD Risk Assessed.xlsx,City of Parañaque,10192,0,0,301,457,0,0,0,0,0,0,0,0
1st Quarter 2025,2025Q1,C:\DATABASES\2025Q1Risk Factors AD Risk Assessed.xlsx,Pasay City,12784,0,0,0,0,0,0,0,0,0,0,0,0
1st Quarter 2025,2025Q1,C:\DATABASES\2025Q1Risk Factors AD Risk Assessed.xlsx,CAR,101237,1706,6037,3033,9948,0,0,0,0,16626,9183,1139,418
1st Quarter 2025,2025Q1,C:\DATABASES\2025Q1Risk Factors AD Risk Assessed.xlsx,Abra,14156,430,1251,630,1548,0,0,0,0,1191,702,0,0
1st Quarter 2025,2025Q1,C:\DATABASES\2025Q1Risk Factors AD Risk Assessed.xlsx,Apayao,7670,125,443,190,682,0,0,0,0,0,0,1139,418
1st Quarter 2025,2025Q1,C:\DATABASES\2025Q1Risk Factors AD Risk Assessed.xlsx,Benguet,18665,260,796,632,1401,0,0,0,0,4004,2182,0,0
1st Quarter 2025,2025Q1,C:\DATABASES\2025Q1Risk Factors AD Risk Assessed.xlsx,Ifugao,11678,179,280,485,1084,0,0,0,0,2212,1188,0,0
1st Quarter 2025,2025Q1,C:\DATABASES\2025Q1Risk Factors AD Risk Assessed.xlsx,Kalinga,19789,409,2056,430,3018,0,0,0,0,2635,2490,0,0
1st Quarter 2025,2025Q1,C:\DATABASES\2025Q1Risk Factors AD Risk Assessed.xlsx,Mountain Province,19819,46,736,87,1508,0,0,0,0,2415,1149,0,0
1st Quarter 2025,2025Q1,C:\DATABASES\2025Q1Risk Factors AD Risk Assessed.xlsx,City of Baguio,9460,257,475,579,707,0,0,0,0,4169,1472,0,0
1st Quarter 2025,2025Q1,C:\DATABASES\2025Q1Risk Factors AD Risk Assessed.xlsx,Region 1,347363,4770,18726,6584,19351,0,0,0,0,18409,13672,0,0
1st Quarter 2025,2025Q1,C:\DATABASES\2025Q1Risk Factors AD Risk Assessed.xlsx,Ilocos Norte,20687,260,976,167,632,0,0,0,0,992,795,0,0
1st Quarter 2025,2025Q1,C:\DATABASES\2025Q1Risk Factors AD Risk Assessed.xlsx,Ilocos Sur,93370,821,3420,738,1746,0,0,0,0,6357,3982,0,0
1st Quarter 2025,2025Q1,C:\DATABASES\2025Q1Risk Factors AD Risk Assessed.xlsx,La Union,78342,794,3113,1671,4609,0,0,0,0,5259,4599,0,0
1st Quarter 2025,2025Q1,C:\DATABASES\2025Q1Risk Factors AD Risk Assessed.xlsx,Pangasinan,148249,2768,10808,3587,11723,0,0,0,0,5618,4096,0,0
1st Quarter 2025,2025Q1,C:\DATABASES\2025Q1Risk Factors AD Risk Assessed.xlsx,City of Dagupan,6715,127,409,421,641,0,0,0,0,183,200,0,0
1st Quarter 2025,2025Q1,C:\DATABASES\2025Q1Risk Factors AD Risk Assessed.xlsx,Region 2,283445,6375,24419,8486,28743,17898,17226,25292,21326,16795,12853,4910,3583
1st Quarter 2025,2025Q1,C:\DATABASES\2025Q1Risk Factors AD Risk Assessed.xlsx,Batanes,2046,48,206,435,508,237,149,445,299,316,262,293,198
1st Quarter 2025,2025Q1,C:\DATABASES\2025Q1Risk Factors AD Risk Assessed.xlsx,Cagayan,70623,2482,9539,2472,10396,4279,3385,6355,4991,5903,4620,1756,1082
1st Quarter 2025,2025Q1,C:\DATABASES\2025Q1Risk Factors AD Risk Assessed.xlsx,Isabela,144392,2360,9552,3327,11082,10349,10912,14194,12098,7422,5483,2357,1934
1st Quarter 2025,2025Q1,C:\DATABASES\2025Q1Risk Factors AD Risk Assessed.xlsx,Nueva Vizcaya,25583,477,926,422,865,449,401,504,414,901,624,134,67
1st Quarter 2025,2025Q1,C:\DATABASES\2025Q1Risk Factors AD Risk Assessed.xlsx,Quirino,16546,442,1376,774,2075,1816,1394,2234,1737,1023,736,229,126
1st Quarter 2025,2025Q1,C:\DATABASES\2025Q1Risk Factors AD Risk Assessed.xlsx,City of Santiago,24255,566,2820,1056,3817,768,985,1560,1787,1230,1128,141,176
1st Quarter 2025,2025Q1,C:\DATABASES\2025Q1Risk Factors AD Risk Assessed.xlsx,Region 3,837612,26633,76883,39632,86866,19814,16967,21374,19068,48803,38059,10160,8660
1st Quarter 2025,2025Q1,C:\DATABASES\2025Q1Risk Factors AD Risk Assessed.xlsx,Aurora,13319,334,1338,1187,2082,770,615,1141,887,586,549,550,391
1st Quarter 2025,2025Q1,C:\DATABASES\2025Q1Risk Factors AD Risk Assessed.xlsx,Bataan,68805,943,4268,1056,2930,165,180,159,177,4551,2579,22,24
1st Quarter 2025,2025Q1,C:\DATABASES\2025Q1Risk Factors AD Risk Assessed.xlsx,Bulacan,316070,11448,32643,20601,41452,9148,8030,11443,10398,26680,21883,7297,6598
1st Quarter 2025,2025Q1,C:\DATABASES\2025Q1Risk Factors AD Risk Assessed.xlsx,Nueva Ecija,139757,5359,18087,6966,20034,3235,3152,3509,3867,7689,6556,1408,1120
1st Quarter 2025,2025Q1,C:\DATABASES\2025Q1Risk Factors AD Risk Assessed.xlsx,Pampanga,108447,2743,8954,3367,8902,6009,4522,4715,3375,2168,1655,473,210
1st Quarter 2025,2025Q1,C:\DATABASES\2025Q1Risk Factors AD Risk Assessed.xlsx,Tarlac,108772,3363,6286,2561,5422,487,468,407,364,4349,3130,102,111
1st Quarter 2025,2025Q1,C:\DATABASES\2025Q1Risk Factors AD Risk Assessed.xlsx,Zambales,54706,1193,3108,1998,3595,0,0,0,0,1691,1054,103,89
1st Quarter 2025,2025Q1,C:\DATABASES\2025Q1Risk Factors AD Risk Assessed.xlsx,City of Angeles,16251,1007,1603,1263,1608,0,0,0,0,839,489,205,117
1st Quarter 2025,2025Q1,C:\DATABASES\2025Q1Risk Factors AD Risk Assessed.xlsx,City of Olongapo,11485,243,596,633,841,0,0,0,0,250,164,0,0
1st Quarter 2025,2025Q1,C:\DATABASES\2025Q1Risk Factors AD Risk Assessed.xlsx,Region 4A,557262,22244,76461,43022,89575,4686,28121,77028,138021,91333,55008,77028,82845
1st Quarter 2025,2025Q1,C:\DATABASES\2025Q1Risk Factors AD Risk Assessed.xlsx,Batangas,201302,7740,38293,13090,46294,1294,11202,24210,55577,33694,25041,24210,33257
1st Quarter 2025,2025Q1,C:\DATABASES\2025Q1Risk Factors AD Risk Assessed.xlsx,Cavite,138180,5465,14007,9849,16486,1088,6234,20042,30731,23631,12327,20042,18396
1st Quarter 2025,2025Q1,C:\DATABASES\2025Q1Risk Factors AD Risk Assessed.xlsx,Laguna,80792,2342,7386,3960,7420,764,4218,12295,20581,10759,5843,12295,12382
1st Quarter 2025,2025Q1,C:\DATABASES\2025Q1Risk Factors AD Risk Assessed.xlsx,Quezon,50062,2090,7930,7525,9139,888,2475,7695,11277,8879,4149,7695,6920
1st Quarter 2025,2025Q1,C:\DATABASES\2025Q1Risk Factors AD Risk Assessed.xlsx,Rizal,70245,3545,6671,7503,8657,548,3192,10604,15867,11812,5782,10604,9505
1st Quarter 2025,2025Q1,C:\DATABASES\2025Q1Risk Factors AD Risk Assessed.xlsx,City of Lucena,16681,1062,2174,1095,1579,104,800,2182,3988,2558,1866,2182,2385
1st Quarter 2025,2025Q1,C:\DATABASES\2025Q1Risk Factors AD Risk Assessed.xlsx,Region 4B,121451,3973,14851,8021,17920,3249,2874,4020,3018,11315,6581,5285,3341
1st Quarter 2025,2025Q1,C:\DATABASES\2025Q1Risk Factors AD Risk Assessed.xlsx,Marinduque,4805,13,122,40,174,0,0,2,0,201,100,52,16
1st Quarter 2025,2025Q1,C:\DATABASES\2025Q1Risk Factors AD Risk Assessed.xlsx,Occidental Mindoro,16388,638,3599,1138,4215,1013,643,1241,660,801,413,380,245
1st Quarter 2025,2025Q1,C:\DATABASES\2025Q1Risk Factors AD Risk Assessed.xlsx,Oriental Mindoro,50184,2129,6087,3616,7833,1139,1451,1955,1718,4188,3219,2643,1734
1st Quarter 2025,2025Q1,C:\DATABASES\2025Q1Risk Factors AD Risk Assessed.xlsx,Palawan,33401,744,3658,1804,3956,444,361,442,376,3106,1510,1238,678
1st Quarter 2025,2025Q1,C:\DATABASES\2025Q1Risk Factors AD Risk Assessed.xlsx,Romblon,8776,174,491,542,813,653,419,380,264,1199,512,297,477
1st Quarter 2025,2025Q1,C:\DATABASES\2025Q1Risk Factors AD Risk Assessed.xlsx,City of Puerto Princesa,7897,275,894,881,929,0,0,0,0,1820,827,675,191
1st Quarter 2025,2025Q1,C:\DATABASES\2025Q1Risk Factors AD Risk Assessed.xlsx,Region 5,187803,4740,25593,12329,25186,15101,10053,7436,4538,27568,22077,2244,981
1st Quarter 2025,2025Q1,C:\DATABASES\2025Q1Risk Factors AD Risk Assessed.xlsx,Albay,25141,404,1192,200,703,492,352,493,385,702,478,301,185
1st Quarter 2025,2025Q1,C:\DATABASES\2025Q1Risk Factors AD Risk Assessed.xlsx,Camarines Norte,14643,329,1909,841,1400,134,54,173,63,1629,1132,784,153
1st Quarter 2025,2025Q1,C:\DATABASES\2025Q1Risk Factors AD Risk Assessed.xlsx,Camarines Sur,72298,1577,8483,4068,7346,7797,4771,6651,3992,8355,4877,1093,617
1st Quarter 2025,2025Q1,C:\DATABASES\2025Q1Risk Factors AD Risk Assessed.xlsx,Catanduanes,16109,497,3966,3074,5751,6595,4826,0,0,6595,4826,0,0
1st Quarter 2025,2025Q1,C:\DATABASES\2025Q1Risk Factors AD Risk Assessed.xlsx,Masbate,18092,1202,5289,2174,5322,0,0,0,0,3363,7039,0,0
1st Quarter 2025,2025Q1,C:\DATABASES\2025Q1Risk Factors AD Risk Assessed.xlsx,Sorsogon,39336,688,4514,1855,4424,0,0,0,0,6605,3588,0,0
1st Quarter 2025,2025Q1,C:\DATABASES\2025Q1Risk Factors AD Risk Assessed.xlsx,City of Naga,2184,43,240,117,240,83,50,119,98,319,137,66,26
1st Quarter 2025,2025Q1,C:\DATABASES\2025Q1Risk Factors AD Risk Assessed.xlsx,Region 6,228907,5064,21672,6535,25485,4941,3586,6760,5585,10948,8366,2898,1764
1st Quarter 2025,2025Q1,C:\DATABASES\2025Q1Risk Factors AD Risk Assessed.xlsx,Aklan,9949,343,1112,677,1256,1436,908,1397,932,1328,824,591,248
1st Quarter 2025,2025Q1,C:\DATABASES\2025Q1Risk Factors AD Risk Assessed.xlsx,Antique,33691,615,3176,661,3598,16,36,4,4,1612,958,20,9
1st Quarter 2025,2025Q1,C:\DATABASES\2025Q1Risk Factors AD Risk Assessed.xlsx,Capiz,61076,542,4585,1387,5488,3455,2610,4825,4250,1348,930,1578,907
1st Quarter 2025,2025Q1,C:\DATABASES\2025Q1Risk Factors AD Risk Assessed.xlsx,Guimaras,14645,134,1350,369,2388,34,32,534,399,1844,1123,562,437
1st Quarter 2025,2025Q1,C:\DATABASES\2025Q1Risk Factors AD Risk Assessed.xlsx,Iloilo,79774,3025,10415,2933,11663,0,0,0,0,3911,3942,147,163
1st Quarter 2025,2025Q1,C:\DATABASES\2025Q1Risk Factors AD Risk Assessed.xlsx,City of Iloilo,29772,405,1034,508,1092,0,0,0,0,905,589,0,0
1st Quarter 2025,2025Q1,C:\DATABASES\2025Q1Risk Factors AD Risk Assessed.xlsx,Region 7,205400,5580,20822,17493,32287,24205,18588,28253,20209,21833,14321,13912,9537
1st Quarter 2025,2025Q1,C:\DATABASES\2025Q1Risk Factors AD Risk Assessed.xlsx,Bohol,30612,705,2394,2194,3874,1901,1226,2493,1641,3345,2106,999,596
1st Quarter 2025,2025Q1,C:\DATABASES\2025Q1Risk Factors AD Risk Assessed.xlsx,Cebu,124898,3681,15309,12615,24475,16286,13884,19040,15002,15127,10104,11686,8140
1st Quarter 2025,2025Q1,C:\DATABASES\2025Q1Risk Factors AD Risk Assessed.xlsx,City of Cebu,18239,509,1472,1372,1948,2056,1056,2576,1224,2190,1359,428,260
1st Quarter 2025,2025Q1,C:\DATABASES\2025Q1Risk Factors AD Risk Assessed.xlsx,City of Lapu-Lapu,22858,638,1567,1270,1894,3901,2362,4107,2288,1142,719,762,516
1st Quarter 2025,2025Q1,C:\DATABASES\2025Q1Risk Factors AD Risk Assessed.xlsx,City of Mandaue,8793,47,80,42,96,61,60,37,54,29,33,37,25
1st Quarter 2025,2025Q1,C:\DATABASES\2025Q1Risk Factors AD Risk Assessed.xlsx,Region 8,148921,6281,16128,14085,20779,331,220,337,221,12931,8890,56,58
1st Quarter 2025,2025Q1,C:\DATABASES\2025Q1Risk Factors AD Risk Assessed.xlsx,Biliran,5099,157,383,614,657,331,220,337,221,563,298,56,58
1st Quarter 2025,2025Q1,C:\DATABASES\2025Q1Risk Factors AD Risk Assessed.xlsx,Eastern Samar,16319,107,698,1701,1904,0,0,0,0,854,592,0,0
1st Quarter 2025,2025Q1,C:\DATABASES\2025Q1Risk Factors AD Risk Assessed.xlsx,Leyte,31568,1182,4309,2882,3845,0,0,0,0,2087,1140,0,0
1st Quarter 2025,2025Q1,C:\DATABASES\2025Q1Risk Factors AD Risk Assessed.xlsx,Northern Samar,16914,465,1701,1380,2245,0,0,0,0,2362,1256,0,0
1st Quarter 2025,2025Q1,C:\DATABASES\2025Q1Risk Factors AD Risk Assessed.xlsx,Southern Leyte,33621,1143,4033,2712,6017,0,0,0,0,4827,3952,0,0
1st Quarter 2025,2025Q1,C:\DATABASES\2025Q1Risk Factors AD Risk Assessed.xlsx,Samar,20700,2636,3666,2733,3770,0,0,0,0,1202,695,0,0
1st Quarter 2025,2025Q1,C:\DATABASES\2025Q1Risk Factors AD Risk Assessed.xlsx,Ormoc City,7112,76,217,355,600,0,0,0,0,662,730,0,0
1st Quarter 2025,2025Q1,C:\DATABASES\2025Q1Risk Factors AD Risk Assessed.xlsx,City of Tacloban,17588,515,1121,1708,1741,0,0,0,0,374,227,0,0
1st Quarter 2025,2025Q1,C:\DATABASES\2025Q1Risk Factors AD Risk Assessed.xlsx,Region 9,113317,2975,14754,3353,11489,2755,1934,5246,3653,5895,3627,1070,817
1st Quarter 2025,2025Q1,C:\DATABASES\2025Q1Risk Factors AD Risk Assessed.xlsx,Zamboanga del Norte,23640,746,3055,826,2528,1088,766,1292,1066,1071,612,278,203
1st Quarter 2025,2025Q1,C:\DATABASES\2025Q1Risk Factors AD Risk Assessed.xlsx,Zamboanga del Sur,35128,872,5085,1288,4385,789,572,1832,1064,1805,1207,215,97
1st Quarter 2025,2025Q1,C:\DATABASES\2025Q1Risk Factors AD Risk Assessed.xlsx,Zamboanga Sibugay,33200,645,3897,858,3152,455,318,644,587,1206,815,509,493
1st Quarter 2025,2025Q1,C:\DATABASES\2025Q1Risk Factors AD Risk Assessed.xlsx,City of Isabela,6855,164,833,134,467,0,0,740,477,740,477,0,0
1st Quarter 2025,2025Q1,C:\DATABASES\2025Q1Risk Factors AD Risk Assessed.xlsx,City of Zamboanga,14494,548,1884,247,957,423,278,738,459,1073,516,68,24
1st Quarter 2025,2025Q1,C:\DATABASES\2025Q1Risk Factors AD Risk Assessed.xlsx,Region 10,130229,0,0,6493,16293,0,0,0,0,0,0,0,0
1st Quarter 2025,2025Q1,C:\DATABASES\2025Q1Risk Factors AD Risk Assessed.xlsx,Bukidnon,41506,0,0,2856,7978,0,0,0,0,0,0,0,0
1st Quarter 2025,2025Q1,C:\DATABASES\2025Q1Risk Factors AD Risk Assessed.xlsx,Camiguin,3928,0,0,168,365,0,0,0,0,0,0,0,0
1st Quarter 2025,2025Q1,C:\DATABASES\2025Q1Risk Factors AD Risk Assessed.xlsx,Lanao del Norte,20862,0,0,785,1806,0,0,0,0,0,0,0,0
1st Quarter 2025,2025Q1,C:\DATABASES\2025Q1Risk Factors AD Risk Assessed.xlsx,Misamis Occidental,15966,0,0,633,1469,0,0,0,0,0,0,0,0
1st Quarter 2025,2025Q1,C:\DATABASES\2025Q1Risk Factors AD Risk Assessed.xlsx,Misamis Oriental,21669,0,0,0,0,0,0,0,0,0,0,0,0
1st Quarter 2025,2025Q1,C:\DATABASES\2025Q1Risk Factors AD Risk Assessed.xlsx,City of Cagayan De Oro,19669,0,0,1718,4132,0,0,0,0,0,0,0,0
1st Quarter 2025,2025Q1,C:\DATABASES\2025Q1Risk Factors AD Risk Assessed.xlsx,City of Iligan,6629,0,0,333,543,0,0,0,0,0,0,0,0
1st Quarter 2025,2025Q1,C:\DATABASES\2025Q1Risk Factors AD Risk Assessed.xlsx,Region 11,280893,10673,33700,22203,41577,79258,48508,74315,47458,50931,28970,7255,4667
1st Quarter 2025,2025Q1,C:\DATABASES\2025Q1Risk Factors AD Risk Assessed.xlsx,Davao de Oro,52084,1414,7080,3776,8981,14020,8936,15704,10338,8897,5383,6772,4293
1st Quarter 2025,2025Q1,C:\DATABASES\2025Q1Risk Factors AD Risk Assessed.xlsx,Davao del Norte,71198,1910,9470,5333,12213,15708,9711,16168,9562,18754,12194,0,0
1st Quarter 2025,2025Q1,C:\DATABASES\2025Q1Risk Factors AD Risk Assessed.xlsx,Davao Oriental,33190,1038,5056,3301,6140,10283,7285,9460,9091,354,221,483,374
1st Quarter 2025,2025Q1,C:\DATABASES\2025Q1Risk Factors AD Risk Assessed.xlsx,Davao del Sur,29696,1776,3668,2942,4341,13029,6700,12732,6162,6989,2915,0,0
1st Quarter 2025,2025Q1,C:\DATABASES\2025Q1Risk Factors AD Risk Assessed.xlsx,Davao Occidental,12663,832,2192,816,1712,1774,1140,1588,1676,1926,1005,0,0
1st Quarter 2025,2025Q1,C:\DATABASES\2025Q1Risk Factors AD Risk Assessed.xlsx,City of Davao,82062,3703,6234,6035,8190,24444,14736,18663,10629,14011,7252,0,0
1st Quarter 2025,2025Q1,C:\DATABASES\2025Q1Risk Factors AD Risk Assessed.xlsx,Region 12,164201,2675,19850,3712,19128,1199,671,1309,752,6199,4849,6121,4565
1st Quarter 2025,2025Q1,C:\DATABASES\2025Q1Risk Factors AD Risk Assessed.xlsx,Cotabato,53169,1255,6841,1417,6728,83,57,115,83,1492,1062,1454,1013
1st Quarter 2025,2025Q1,C:\DATABASES\2025Q1Risk Factors AD Risk Assessed.xlsx,Sarangani,15466,199,1635,231,1151,553,356,690,422,1140,681,318,185
1st Quarter 2025,2025Q1,C:\DATABASES\2025Q1Risk Factors AD Risk Assessed.xlsx,South Cotabato,27358,319,2815,500,2624,0,0,0,0,0,0,0,0
1st Quarter 2025,2025Q1,C:\DATABASES\2025Q1Risk Factors AD Risk Assessed.xlsx,Sultan Kudarat,60648,848,8284,1328,8102,0,0,0,0,2894,2426,2894,2425
1st Quarter 2025,2025Q1,C:\DATABASES\2025Q1Risk Factors AD Risk Assessed.xlsx,City of General Santos,7560,54,275,236,523,563,258,504,247,673,680,1455,942
1st Quarter 2025,2025Q1,C:\DATABASES\2025Q1Risk Factors AD Risk Assessed.xlsx,Caraga,120211,3985,15973,9080,17572,9842,5963,12447,8030,14445,8844,4336,2108
1st Quarter 2025,2025Q1,C:\DATABASES\2025Q1Risk Factors AD Risk Assessed.xlsx,Agusan del Norte,19970,505,2180,1446,2571,2380,1263,2917,1664,2394,1426,1282,556
1st Quarter 2025,2025Q1,C:\DATABASES\2025Q1Risk Factors AD Risk Assessed.xlsx,Agusan del Sur,31188,1377,5503,1908,5124,1765,1361,2265,1927,1972,1427,777,476
1st Quarter 2025,2025Q1,C:\DATABASES\2025Q1Risk Factors AD Risk Assessed.xlsx,Surigao del Norte,26090,645,2969,2414,3629,3289,1518,4068,2010,3714,2176,1002,426
1st Quarter 2025,2025Q1,C:\DATABASES\2025Q1Risk Factors AD Risk Assessed.xlsx,Surigao del Sur,24283,850,3514,2195,4121,2408,1821,3197,2429,3254,1909,1275,650
1st Quarter 2025,2025Q1,C:\DATABASES\2025Q1Risk Factors AD Risk Assessed.xlsx,Dinagat Islands,3576,71,417,294,580,0,0,0,0,677,348,0,0
1st Quarter 2025,2025Q1,C:\DATABASES\2025Q1Risk Factors AD Risk Assessed.xlsx,City of Butuan,15104,537,1390,823,1547,0,0,0,0,2434,1558,0,0
1st Quarter 2025,2025Q1,C:\DATABASES\2025Q1Risk Factors AD Risk Assessed.xlsx,BARMM,129761,3290,15895,390,3099,401,301,341,382,11272,7236,1075,601
1st Quarter 2025,2025Q1,C:\DATABASES\2025Q1Risk Factors AD Risk Assessed.xlsx,Basilan,5021,110,622,8,19,113,139,199,217,274,99,251,73
1st Quarter 2025,2025Q1,C:\DATABASES\2025Q1Risk Factors AD Risk Assessed.xlsx,Lanao del Sur,49365,1754,5177,110,467,0,4,3,3,5217,3804,365,254
1st Quarter 2025,2025Q1,C:\DATABASES\2025Q1Risk Factors AD Risk Assessed.xlsx,Maguindanao del Norte,18404,383,2374,72,1089,0,0,0,0,1991,1211,0,0
1st Quarter 2025,2025Q1,C:\DATABASES\2025Q1Risk Factors AD Risk Assessed.xlsx,Maguindanao del Sur,25733,588,2980,125,742,0,0,0,0,1483,969,0,0
1st Quarter 2025,2025Q1,C:\DATABASES\2025Q1Risk Factors AD Risk Assessed.xlsx,Sulu,6713,78,976,1,15,0,0,0,0,745,236,0,0
1st Quarter 2025,2025Q1,C:\DATABASES\2025Q1Risk Factors AD Risk Assessed.xlsx,Tawi-Tawi,4998,119,1839,23,412,267,127,118,137,543,233,169,109
1st Quarter 2025,2025Q1,C:\DATABASES\2025Q1Risk Factors AD Risk Assessed.xlsx,Special Geographic Area (SGA),7225,114,1152,4,36,21,31,21,25,387,287,290,165
1st Quarter 2025,2025Q1,C:\DATABASES\2025Q1Risk Factors AD Risk Assessed.xlsx,City of Cotabato,12302,144,775,47,319,0,0,0,0,632,397,0,0
1st Quarter 2025,2025Q1,C:\DATABASES\2025Q1Risk Factors AD Risk Assessed.xlsx,NIR,131375,4332,18921,7303,21566,2079,1129,0,0,12143,7946,2178,1011
1st Quarter 2025,2025Q1,C:\DATABASES\2025Q1Risk Factors AD Risk Assessed.xlsx,Negros Occidental,89038,3390,14844,4995,16300,0,0,0,0,6680,4915,0,0
1st Quarter 2025,2025Q1,C:\DATABASES\2025Q1Risk Factors AD Risk Assessed.xlsx,Negros Oriental,29643,690,2988,1445,3604,2079,1129,0,0,2803,1705,2178,1011
1st Quarter 2025,2025Q1,C:\DATABASES\2025Q1Risk Factors AD Risk Assessed.xlsx,Siquijor,4909,48,441,393,689,0,0,0,0,719,483,0,0
1st Quarter 2025,2025Q1,C:\DATABASES\2025Q1Risk Factors AD Risk Assessed.xlsx,City of Bacolod,7785,204,648,470,973,0,0,0,0,1941,843,0,0
